date,pole,nb_salles,lits_total,lits_occupes,taux_occupation,ventilateurs,ventil_dispo,epidemic_risk
2024-01-01,Réanimation,12,24,18,0.7910516635531967,24,5,0
2024-01-01,Maladies_infectieuses,8,24,23,0.9883599141708405,18,0,1
2024-01-01,Urgences,6,12,13,1.0,12,-1,1
2024-01-01,Médecine_interne,4,8,7,0.9699275863997079,8,0,1
2024-01-02,Réanimation,12,24,21,0.9025304506662498,24,2,0
2024-01-02,Maladies_infectieuses,8,24,26,1.0,18,-2,1
2024-01-02,Urgences,6,12,7,0.648782522157544,12,4,0
2024-01-02,Médecine_interne,4,8,8,1.0,8,0,1
2024-01-03,Réanimation,12,24,21,0.9094945028119088,24,2,0
2024-01-03,Maladies_infectieuses,8,24,37,1.0,18,-9,1
2024-01-03,Urgences,6,12,12,1.0,12,0,1
2024-01-03,Médecine_interne,4,8,8,1.0,8,0,1
2024-01-04,Réanimation,12,24,16,0.6826001899818016,24,7,0
2024-01-04,Maladies_infectieuses,8,24,25,1.0,18,-1,1
2024-01-04,Urgences,6,12,11,0.9717525026126633,12,0,1
2024-01-04,Médecine_interne,4,8,5,0.6939536750256381,8,2,0
2024-01-05,Réanimation,12,24,28,1.0,24,-4,1
2024-01-05,Maladies_infectieuses,8,24,25,1.0,18,-1,1
2024-01-05,Urgences,6,12,6,0.5024965675352286,12,5,0
2024-01-05,Médecine_interne,4,8,8,1.0,8,0,1
2024-01-06,Réanimation,12,24,14,0.5904092333768717,24,9,0
2024-01-06,Maladies_infectieuses,8,24,19,0.821849709026507,18,3,0
2024-01-06,Urgences,6,12,11,0.995779962526933,12,0,1
2024-01-06,Médecine_interne,4,8,8,1.0,8,0,1
2024-01-07,Réanimation,12,24,23,0.96904780782118,24,0,1
2024-01-07,Maladies_infectieuses,8,24,25,1.0,18,0,1
2024-01-07,Urgences,6,12,9,0.7900755538934919,12,2,0
2024-01-07,Médecine_interne,4,8,6,0.8722327471647785,8,1,0
2024-01-08,Réanimation,12,24,23,0.9803320376181406,24,0,1
2024-01-08,Maladies_infectieuses,8,24,17,0.7168338664062568,18,5,0
2024-01-08,Urgences,6,12,5,0.42213380258237787,12,6,0
2024-01-08,Médecine_interne,4,8,4,0.6144023297894472,8,3,0
2024-01-09,Réanimation,12,24,24,1.0,24,0,1
2024-01-09,Maladies_infectieuses,8,24,21,0.9063424550803566,18,1,0
2024-01-09,Urgences,6,12,11,0.994275956855412,12,0,1
2024-01-09,Médecine_interne,4,8,5,0.7223973941727722,8,2,0
2024-01-10,Réanimation,12,24,30,1.0,24,-6,1
2024-01-10,Maladies_infectieuses,8,24,19,0.8021554925146855,18,3,0
2024-01-10,Urgences,6,12,14,1.0,12,-2,1
2024-01-10,Médecine_interne,4,8,5,0.7161013294239105,8,2,0
2024-01-11,Réanimation,12,24,19,0.7977047560083342,24,4,0
2024-01-11,Maladies_infectieuses,8,24,16,0.6687188826764778,18,5,0
2024-01-11,Urgences,6,12,5,0.41892044188654853,12,6,0
2024-01-11,Médecine_interne,4,8,8,1.0,8,0,1
2024-01-12,Réanimation,12,24,15,0.6441224604708449,24,8,0
2024-01-12,Maladies_infectieuses,8,24,22,0.9335860857728301,18,1,0
2024-01-12,Urgences,6,12,3,0.28211470184995624,12,8,0
2024-01-12,Médecine_interne,4,8,5,0.6715954846672261,8,2,0
2024-01-13,Réanimation,12,24,15,0.6664514967917958,24,8,0
2024-01-13,Maladies_infectieuses,8,24,26,1.0,18,-2,1
2024-01-13,Urgences,6,12,8,0.7194470124910063,12,3,0
2024-01-13,Médecine_interne,4,8,6,0.804496588157183,8,1,0
2024-01-14,Réanimation,12,24,14,0.5954915799482082,24,9,0
2024-01-14,Maladies_infectieuses,8,24,22,0.9395605890934207,18,1,0
2024-01-14,Urgences,6,12,5,0.4722075700681918,12,6,0
2024-01-14,Médecine_interne,4,8,6,0.8629345026001357,8,1,0
2024-01-15,Réanimation,12,24,26,1.0,24,-2,1
2024-01-15,Maladies_infectieuses,8,24,25,1.0,18,-1,1
2024-01-15,Urgences,6,12,11,0.989145623661986,12,0,1
2024-01-15,Médecine_interne,4,8,6,0.771100615812379,8,1,0
2024-01-16,Réanimation,12,24,25,1.0,24,-1,1
2024-01-16,Maladies_infectieuses,8,24,19,0.8306966290617539,18,3,0
2024-01-16,Urgences,6,12,11,0.9952178893839045,12,0,1
2024-01-16,Médecine_interne,4,8,6,0.7978966192992241,8,1,0
2024-01-17,Réanimation,12,24,30,1.0,24,-6,1
2024-01-17,Maladies_infectieuses,8,24,21,0.915369295280763,18,1,0
2024-01-17,Urgences,6,12,8,0.6731341237881231,12,3,0
2024-01-17,Médecine_interne,4,8,5,0.7186548184304533,8,2,0
2024-01-18,Réanimation,12,24,16,0.6808880311196065,24,7,0
2024-01-18,Maladies_infectieuses,8,24,15,0.6289186688627468,18,6,0
2024-01-18,Urgences,6,12,10,0.9071092587341938,12,1,0
2024-01-18,Médecine_interne,4,8,7,0.9857654887889103,8,0,1
2024-01-19,Réanimation,12,24,9,0.37935407377553304,24,14,0
2024-01-19,Maladies_infectieuses,8,24,18,0.7529993200873252,18,4,0
2024-01-19,Urgences,6,12,11,0.9197627072839287,12,0,0
2024-01-19,Médecine_interne,4,8,6,0.7678354179154928,8,1,0
2024-01-20,Réanimation,12,24,27,1.0,24,-3,1
2024-01-20,Maladies_infectieuses,8,24,16,0.7028634896821653,18,5,0
2024-01-20,Urgences,6,12,11,0.9358155413358781,12,0,0
2024-01-20,Médecine_interne,4,8,5,0.7460217797899596,8,2,0
2024-01-21,Réanimation,12,24,16,0.6840082979112908,24,7,0
2024-01-21,Maladies_infectieuses,8,24,17,0.7323842104440781,18,4,0
2024-01-21,Urgences,6,12,9,0.8021285695954307,12,2,0
2024-01-21,Médecine_interne,4,8,4,0.5613836070348118,8,3,0
2024-01-22,Réanimation,12,24,26,1.0,24,-2,1
2024-01-22,Maladies_infectieuses,8,24,28,1.0,18,-3,1
2024-01-22,Urgences,6,12,11,0.9918194170324517,12,0,1
2024-01-22,Médecine_interne,4,8,9,1.0,8,-1,1
2024-01-23,Réanimation,12,24,18,0.7755399687796511,24,5,0
2024-01-23,Maladies_infectieuses,8,24,20,0.8468398793215334,18,2,0
2024-01-23,Urgences,6,12,10,0.8806513643414494,12,1,0
2024-01-23,Médecine_interne,4,8,8,1.0,8,0,1
2024-01-24,Réanimation,12,24,20,0.851538581606602,24,3,0
2024-01-24,Maladies_infectieuses,8,24,27,1.0,18,-2,1
2024-01-24,Urgences,6,12,14,1.0,12,-2,1
2024-01-24,Médecine_interne,4,8,6,0.7964131087290092,8,1,0
2024-01-25,Réanimation,12,24,21,0.8815616375938289,24,2,0
2024-01-25,Maladies_infectieuses,8,24,14,0.622781711840388,18,6,0
2024-01-25,Urgences,6,12,11,0.9798293523187452,12,0,1
2024-01-25,Médecine_interne,4,8,8,1.0,8,0,1
2024-01-26,Réanimation,12,24,23,0.9784104811823854,24,0,1
2024-01-26,Maladies_infectieuses,8,24,23,0.9834072870402052,18,0,1
2024-01-26,Urgences,6,12,11,0.9226473265340236,12,0,0
2024-01-26,Médecine_interne,4,8,9,1.0,8,-1,1
2024-01-27,Réanimation,12,24,25,1.0,24,-1,1
2024-01-27,Maladies_infectieuses,8,24,26,1.0,18,-1,1
2024-01-27,Urgences,6,12,8,0.7335082960886589,12,3,0
2024-01-27,Médecine_interne,4,8,8,1.0,8,0,1
2024-01-28,Réanimation,12,24,18,0.7744985284337045,24,5,0
2024-01-28,Maladies_infectieuses,8,24,13,0.5670454628345145,18,7,0
2024-01-28,Urgences,6,12,12,1.0,12,0,1
2024-01-28,Médecine_interne,4,8,6,0.8685766008751215,8,1,0
2024-01-29,Réanimation,12,24,23,0.981030898953877,24,0,1
2024-01-29,Maladies_infectieuses,8,24,18,0.7793672090386264,18,3,0
2024-01-29,Urgences,6,12,8,0.71079301356451,12,3,0
2024-01-29,Médecine_interne,4,8,4,0.6208929958436821,8,3,0
2024-01-30,Réanimation,12,24,15,0.6424386294476148,24,8,0
2024-01-30,Maladies_infectieuses,8,24,20,0.8582493131940012,18,2,0
2024-01-30,Urgences,6,12,12,1.0,12,0,1
2024-01-30,Médecine_interne,4,8,6,0.8542391132750115,8,1,0
2024-01-31,Réanimation,12,24,25,1.0,24,-1,1
2024-01-31,Maladies_infectieuses,8,24,23,0.9777257326949775,18,0,1
2024-01-31,Urgences,6,12,5,0.4611616865269038,12,6,0
2024-01-31,Médecine_interne,4,8,7,0.9713535254550758,8,0,1
2024-02-01,Réanimation,12,24,22,0.9178448850828178,24,1,0
2024-02-01,Maladies_infectieuses,8,24,8,0.36727790153444995,18,11,0
2024-02-01,Urgences,6,12,13,1.0,12,-1,1
2024-02-01,Médecine_interne,4,8,6,0.814996645455613,8,1,0
2024-02-02,Réanimation,12,24,14,0.6156004238927401,24,9,0
2024-02-02,Maladies_infectieuses,8,24,20,0.8491067901635463,18,2,0
2024-02-02,Urgences,6,12,12,1.0,12,0,1
2024-02-02,Médecine_interne,4,8,4,0.5591472914974288,8,3,0
2024-02-03,Réanimation,12,24,22,0.9244369178265277,24,1,0
2024-02-03,Maladies_infectieuses,8,24,20,0.8495594940344046,18,2,0
2024-02-03,Urgences,6,12,12,1.0,12,0,1
2024-02-03,Médecine_interne,4,8,4,0.5499580007351355,8,3,0
2024-02-04,Réanimation,12,24,19,0.7969323120251474,24,4,0
2024-02-04,Maladies_infectieuses,8,24,23,0.9919100524077252,18,0,1
2024-02-04,Urgences,6,12,12,1.0,12,0,1
2024-02-04,Médecine_interne,4,8,7,0.8965023838205534,8,0,0
2024-02-05,Réanimation,12,24,23,0.9665867885170307,24,0,1
2024-02-05,Maladies_infectieuses,8,24,27,1.0,18,-2,1
2024-02-05,Urgences,6,12,16,1.0,12,-4,1
2024-02-05,Médecine_interne,4,8,4,0.586743901186571,8,3,0
2024-02-06,Réanimation,12,24,23,0.966543612575322,24,0,1
2024-02-06,Maladies_infectieuses,8,24,22,0.9190820908398073,18,1,0
2024-02-06,Urgences,6,12,10,0.9105181951797716,12,1,0
2024-02-06,Médecine_interne,4,8,8,1.0,8,0,1
2024-02-07,Réanimation,12,24,30,1.0,24,-6,1
2024-02-07,Maladies_infectieuses,8,24,11,0.4935521854178924,18,9,0
2024-02-07,Urgences,6,12,12,1.0,12,0,1
2024-02-07,Médecine_interne,4,8,7,0.8840154580966292,8,0,0
2024-02-08,Réanimation,12,24,22,0.935601769205983,24,1,0
2024-02-08,Maladies_infectieuses,8,24,24,1.0,18,0,1
2024-02-08,Urgences,6,12,11,0.9679145806045375,12,0,1
2024-02-08,Médecine_interne,4,8,6,0.7741427939671658,8,1,0
2024-02-09,Réanimation,12,24,22,0.9474972529872278,24,1,0
2024-02-09,Maladies_infectieuses,8,24,21,0.8794133651343234,18,2,0
2024-02-09,Urgences,6,12,14,1.0,12,-2,1
2024-02-09,Médecine_interne,4,8,6,0.8453293975191599,8,1,0
2024-02-10,Réanimation,12,24,23,0.9809486196680959,24,0,1
2024-02-10,Maladies_infectieuses,8,24,8,0.36690992964706254,18,11,0
2024-02-10,Urgences,6,12,8,0.7286441605847737,12,3,0
2024-02-10,Médecine_interne,4,8,4,0.5904162319445461,8,3,0
2024-02-11,Réanimation,12,24,18,0.755697817851194,24,5,0
2024-02-11,Maladies_infectieuses,8,24,18,0.7600391853265941,18,4,0
2024-02-11,Urgences,6,12,10,0.8391191513560711,12,1,0
2024-02-11,Médecine_interne,4,8,7,0.988203704809004,8,0,1
2024-02-12,Réanimation,12,24,21,0.8767531974170257,24,2,0
2024-02-12,Maladies_infectieuses,8,24,29,1.0,18,-3,1
2024-02-12,Urgences,6,12,6,0.5833276790535608,12,5,0
2024-02-12,Médecine_interne,4,8,9,1.0,8,-1,1
2024-02-13,Réanimation,12,24,19,0.8297706845699939,24,4,0
2024-02-13,Maladies_infectieuses,8,24,23,0.9932166571350842,18,0,1
2024-02-13,Urgences,6,12,7,0.6138778534308057,12,4,0
2024-02-13,Médecine_interne,4,8,4,0.5379707229172498,8,3,0
2024-02-14,Réanimation,12,24,26,1.0,24,-2,1
2024-02-14,Maladies_infectieuses,8,24,27,1.0,18,-2,1
2024-02-14,Urgences,6,12,11,0.9787170896219329,12,0,1
2024-02-14,Médecine_interne,4,8,6,0.84475313357743,8,1,0
2024-02-15,Réanimation,12,24,19,0.8146125246874085,24,4,0
2024-02-15,Maladies_infectieuses,8,24,18,0.7779150791850574,18,3,0
2024-02-15,Urgences,6,12,10,0.8920746764652332,12,1,0
2024-02-15,Médecine_interne,4,8,7,0.9794266019890928,8,0,1
2024-02-16,Réanimation,12,24,27,1.0,24,-3,1
2024-02-16,Maladies_infectieuses,8,24,18,0.791638111462768,18,3,0
2024-02-16,Urgences,6,12,10,0.8779159172619835,12,1,0
2024-02-16,Médecine_interne,4,8,5,0.7198729548055317,8,2,0
2024-02-17,Réanimation,12,24,26,1.0,24,-2,1
2024-02-17,Maladies_infectieuses,8,24,18,0.7837223576301952,18,3,0
2024-02-17,Urgences,6,12,11,0.9963422334364151,12,0,1
2024-02-17,Médecine_interne,4,8,12,1.0,8,-4,1
2024-02-18,Réanimation,12,24,11,0.4947881480102001,24,12,0
2024-02-18,Maladies_infectieuses,8,24,24,1.0,18,0,1
2024-02-18,Urgences,6,12,13,1.0,12,-1,1
2024-02-18,Médecine_interne,4,8,6,0.7848349497025598,8,1,0
2024-02-19,Réanimation,12,24,16,0.6932337731459323,24,7,0
2024-02-19,Maladies_infectieuses,8,24,18,0.7889350829772902,18,3,0
2024-02-19,Urgences,6,12,5,0.4961775800761423,12,6,0
2024-02-19,Médecine_interne,4,8,5,0.6880946369812335,8,2,0
2024-02-20,Réanimation,12,24,15,0.6618488215598949,24,8,0
2024-02-20,Maladies_infectieuses,8,24,9,0.41079798677727114,18,10,0
2024-02-20,Urgences,6,12,10,0.8850806417705709,12,1,0
2024-02-20,Médecine_interne,4,8,9,1.0,8,-1,1
2024-02-21,Réanimation,12,24,16,0.6814424361076724,24,7,0
2024-02-21,Maladies_infectieuses,8,24,19,0.8248195604589831,18,3,0
2024-02-21,Urgences,6,12,7,0.6292216007268607,12,4,0
2024-02-21,Médecine_interne,4,8,7,0.8985537821426524,8,0,0
2024-02-22,Réanimation,12,24,24,1.0,24,0,1
2024-02-22,Maladies_infectieuses,8,24,25,1.0,18,-1,1
2024-02-22,Urgences,6,12,11,0.9325441658842678,12,0,0
2024-02-22,Médecine_interne,4,8,8,1.0,8,0,1
2024-02-23,Réanimation,12,24,24,1.0,24,0,1
2024-02-23,Maladies_infectieuses,8,24,16,0.6906776519458767,18,5,0
2024-02-23,Urgences,6,12,9,0.7965849699704279,12,2,0
2024-02-23,Médecine_interne,4,8,7,0.9921213534118924,8,0,1
2024-02-24,Réanimation,12,24,23,0.9791792447958563,24,0,1
2024-02-24,Maladies_infectieuses,8,24,20,0.8363526898881956,18,2,0
2024-02-24,Urgences,6,12,10,0.9019363793657368,12,1,0
2024-02-24,Médecine_interne,4,8,8,1.0,8,0,1
2024-02-25,Réanimation,12,24,22,0.9330625906100682,24,1,0
2024-02-25,Maladies_infectieuses,8,24,20,0.8662118204076737,18,2,0
2024-02-25,Urgences,6,12,9,0.7563941621325215,12,2,0
2024-02-25,Médecine_interne,4,8,7,0.9966907896950268,8,0,1
2024-02-26,Réanimation,12,24,18,0.7635916378838029,24,5,0
2024-02-26,Maladies_infectieuses,8,24,25,1.0,18,-1,1
2024-02-26,Urgences,6,12,8,0.7467488870747018,12,3,0
2024-02-26,Médecine_interne,4,8,6,0.8454976573007489,8,1,0
2024-02-27,Réanimation,12,24,23,0.9934241339002924,24,0,1
2024-02-27,Maladies_infectieuses,8,24,13,0.5619371917456428,18,7,0
2024-02-27,Urgences,6,12,11,0.9962293964465989,12,0,1
2024-02-27,Médecine_interne,4,8,9,1.0,8,-1,1
2024-02-28,Réanimation,12,24,20,0.8740907152291244,24,3,0
2024-02-28,Maladies_infectieuses,8,24,21,0.8804503914181807,18,2,0
2024-02-28,Urgences,6,12,7,0.6258002647995098,12,4,0
2024-02-28,Médecine_interne,4,8,5,0.6299392404926837,8,2,0
2024-02-29,Réanimation,12,24,19,0.8135136119727954,24,4,0
2024-02-29,Maladies_infectieuses,8,24,18,0.7907334184541995,18,3,0
2024-02-29,Urgences,6,12,10,0.9008775387123292,12,1,0
2024-02-29,Médecine_interne,4,8,8,1.0,8,0,1
2024-03-01,Réanimation,12,24,13,0.5478878600458438,24,10,0
2024-03-01,Maladies_infectieuses,8,24,24,1.0,18,0,1
2024-03-01,Urgences,6,12,8,0.6797662256107777,12,3,0
2024-03-01,Médecine_interne,4,8,4,0.5402311789769881,8,3,0
2024-03-02,Réanimation,12,24,15,0.6457504541771647,24,8,0
2024-03-02,Maladies_infectieuses,8,24,9,0.3862568189087365,18,11,0
2024-03-02,Urgences,6,12,5,0.4667151568500264,12,6,0
2024-03-02,Médecine_interne,4,8,5,0.6285448623405498,8,2,0
2024-03-03,Réanimation,12,24,17,0.7162889791053086,24,6,0
2024-03-03,Maladies_infectieuses,8,24,13,0.5667317248863086,18,7,0
2024-03-03,Urgences,6,12,8,0.6702616614913119,12,3,0
2024-03-03,Médecine_interne,4,8,5,0.7239690607693031,8,2,0
2024-03-04,Réanimation,12,24,11,0.4648862648058538,24,12,0
2024-03-04,Maladies_infectieuses,8,24,21,0.8833057529859915,18,2,0
2024-03-04,Urgences,6,12,9,0.8293811741784192,12,2,0
2024-03-04,Médecine_interne,4,8,5,0.6431371039285253,8,2,0
2024-03-05,Réanimation,12,24,13,0.5810163671229941,24,10,0
2024-03-05,Maladies_infectieuses,8,24,13,0.5565829843934728,18,7,0
2024-03-05,Urgences,6,12,6,0.50903210386387,12,5,0
2024-03-05,Médecine_interne,4,8,8,1.0,8,0,1
2024-03-06,Réanimation,12,24,9,0.41401953390706103,24,14,0
2024-03-06,Maladies_infectieuses,8,24,16,0.6906599701067324,18,5,0
2024-03-06,Urgences,6,12,8,0.7145685554447132,12,3,0
2024-03-06,Médecine_interne,4,8,7,0.8953645849579918,8,0,0
2024-03-07,Réanimation,12,24,13,0.5470198672498793,24,10,0
2024-03-07,Maladies_infectieuses,8,24,8,0.3537689314271074,18,11,0
2024-03-07,Urgences,6,12,10,0.8647215671476423,12,1,0
2024-03-07,Médecine_interne,4,8,4,0.5642855943001068,8,3,0
2024-03-08,Réanimation,12,24,13,0.5808911795481413,24,10,0
2024-03-08,Maladies_infectieuses,8,24,14,0.5985185119904892,18,7,0
2024-03-08,Urgences,6,12,10,0.8802881917105011,12,1,0
2024-03-08,Médecine_interne,4,8,7,0.9282450644024202,8,0,0
2024-03-09,Réanimation,12,24,17,0.725348839888658,24,6,0
2024-03-09,Maladies_infectieuses,8,24,21,0.8844326005087134,18,2,0
2024-03-09,Urgences,6,12,11,0.937162442336444,12,0,0
2024-03-09,Médecine_interne,4,8,2,0.28387390684540004,8,5,0
2024-03-10,Réanimation,12,24,11,0.47826813383815436,24,12,0
2024-03-10,Maladies_infectieuses,8,24,16,0.6811380757119716,18,5,0
2024-03-10,Urgences,6,12,9,0.7555303138194595,12,2,0
2024-03-10,Médecine_interne,4,8,5,0.7089354923182665,8,2,0
2024-03-11,Réanimation,12,24,11,0.46702300935176155,24,12,0
2024-03-11,Maladies_infectieuses,8,24,13,0.5492525897255749,18,8,0
2024-03-11,Urgences,6,12,9,0.7520844665958499,12,2,0
2024-03-11,Médecine_interne,4,8,5,0.6568450882593485,8,2,0
2024-03-12,Réanimation,12,24,11,0.4995559565881137,24,12,0
2024-03-12,Maladies_infectieuses,8,24,16,0.7000144832501354,18,5,0
2024-03-12,Urgences,6,12,7,0.6141594597103868,12,4,0
2024-03-12,Médecine_interne,4,8,3,0.48537251595429,8,4,0
2024-03-13,Réanimation,12,24,18,0.7550264286003125,24,5,0
2024-03-13,Maladies_infectieuses,8,24,14,0.610281897411212,18,7,0
2024-03-13,Urgences,6,12,6,0.5583735366208735,12,5,0
2024-03-13,Médecine_interne,4,8,6,0.79408174489855,8,1,0
2024-03-14,Réanimation,12,24,4,0.175308972471594,24,19,0
2024-03-14,Maladies_infectieuses,8,24,13,0.5509950313251509,18,8,0
2024-03-14,Urgences,6,12,9,0.7824065138099034,12,2,0
2024-03-14,Médecine_interne,4,8,4,0.5772962132587597,8,3,0
2024-03-15,Réanimation,12,24,13,0.5555802432813309,24,10,0
2024-03-15,Maladies_infectieuses,8,24,18,0.7535805004128948,18,4,0
2024-03-15,Urgences,6,12,7,0.5941413435136277,12,4,0
2024-03-15,Médecine_interne,4,8,4,0.5983758059423773,8,3,0
2024-03-16,Réanimation,12,24,14,0.6120549757496558,24,9,0
2024-03-16,Maladies_infectieuses,8,24,15,0.6395165863567428,18,6,0
2024-03-16,Urgences,6,12,8,0.7101114426083982,12,3,0
2024-03-16,Médecine_interne,4,8,5,0.6423306134215525,8,2,0
2024-03-17,Réanimation,12,24,18,0.7564399931257585,24,5,0
2024-03-17,Maladies_infectieuses,8,24,9,0.409261380211857,18,10,0
2024-03-17,Urgences,6,12,8,0.7148999449604235,12,3,0
2024-03-17,Médecine_interne,4,8,5,0.733623854577556,8,2,0
2024-03-18,Réanimation,12,24,12,0.5258310563692463,24,11,0
2024-03-18,Maladies_infectieuses,8,24,20,0.8456550082151746,18,2,0
2024-03-18,Urgences,6,12,9,0.7962768506299741,12,2,0
2024-03-18,Médecine_interne,4,8,6,0.8103022572729248,8,1,0
2024-03-19,Réanimation,12,24,18,0.7763698502875997,24,5,0
2024-03-19,Maladies_infectieuses,8,24,11,0.4671123625075491,18,9,0
2024-03-19,Urgences,6,12,7,0.6593969432247545,12,4,0
2024-03-19,Médecine_interne,4,8,3,0.44862929927088824,8,4,0
2024-03-20,Réanimation,12,24,23,0.9763850484366484,24,0,1
2024-03-20,Maladies_infectieuses,8,24,13,0.5537373745343058,18,8,0
2024-03-20,Urgences,6,12,7,0.6607140182378994,12,4,0
2024-03-20,Médecine_interne,4,8,5,0.682534046424332,8,2,0
2024-03-21,Réanimation,12,24,17,0.716035628170513,24,6,0
2024-03-21,Maladies_infectieuses,8,24,15,0.6441510728239758,18,6,0
2024-03-21,Urgences,6,12,7,0.607093385634539,12,4,0
2024-03-21,Médecine_interne,4,8,6,0.7520617167613823,8,1,0
2024-03-22,Réanimation,12,24,15,0.6329341506198863,24,8,0
2024-03-22,Maladies_infectieuses,8,24,21,0.8989503104715519,18,1,0
2024-03-22,Urgences,6,12,8,0.7192859477224307,12,3,0
2024-03-22,Médecine_interne,4,8,5,0.7173175861799989,8,2,0
2024-03-23,Réanimation,12,24,14,0.5904585773642548,24,9,0
2024-03-23,Maladies_infectieuses,8,24,16,0.6860765068062522,18,5,0
2024-03-23,Urgences,6,12,3,0.28986471169076156,12,8,0
2024-03-23,Médecine_interne,4,8,4,0.5215683948590938,8,3,0
2024-03-24,Réanimation,12,24,19,0.7930370626505554,24,4,0
2024-03-24,Maladies_infectieuses,8,24,14,0.6046846581612456,18,7,0
2024-03-24,Urgences,6,12,7,0.5901518929383034,12,4,0
2024-03-24,Médecine_interne,4,8,5,0.6471298101909139,8,2,0
2024-03-25,Réanimation,12,24,17,0.7337297666135231,24,6,0
2024-03-25,Maladies_infectieuses,8,24,14,0.5998951583926401,18,7,0
2024-03-25,Urgences,6,12,7,0.5917556615411823,12,4,0
2024-03-25,Médecine_interne,4,8,5,0.6463208238631759,8,2,0
2024-03-26,Réanimation,12,24,11,0.46219886204061744,24,12,0
2024-03-26,Maladies_infectieuses,8,24,16,0.7055064523412976,18,5,0
2024-03-26,Urgences,6,12,9,0.7511232056858421,12,2,0
2024-03-26,Médecine_interne,4,8,5,0.7087751245750932,8,2,0
2024-03-27,Réanimation,12,24,18,0.7539876311522437,24,5,0
2024-03-27,Maladies_infectieuses,8,24,16,0.6936919543569013,18,5,0
2024-03-27,Urgences,6,12,8,0.6912170248360281,12,3,0
2024-03-27,Médecine_interne,4,8,5,0.6681805275738203,8,2,0
2024-03-28,Réanimation,12,24,20,0.8500587358846751,24,3,0
2024-03-28,Maladies_infectieuses,8,24,17,0.7097912263923714,18,5,0
2024-03-28,Urgences,6,12,6,0.5221754082060909,12,5,0
2024-03-28,Médecine_interne,4,8,7,0.8896027203995238,8,0,0
2024-03-29,Réanimation,12,24,22,0.9225938586244545,24,1,0
2024-03-29,Maladies_infectieuses,8,24,16,0.6732111446548054,18,5,0
2024-03-29,Urgences,6,12,8,0.7127448275191968,12,3,0
2024-03-29,Médecine_interne,4,8,5,0.6777749057344912,8,2,0
2024-03-30,Réanimation,12,24,20,0.8354186875014881,24,3,0
2024-03-30,Maladies_infectieuses,8,24,10,0.4256730139170375,18,10,0
2024-03-30,Urgences,6,12,4,0.3902036809378104,12,7,0
2024-03-30,Médecine_interne,4,8,5,0.682600627937209,8,2,0
2024-03-31,Réanimation,12,24,14,0.6095964661132421,24,9,0
2024-03-31,Maladies_infectieuses,8,24,13,0.5552897338121847,18,8,0
2024-03-31,Urgences,6,12,4,0.3877089566763001,12,7,0
2024-03-31,Médecine_interne,4,8,4,0.5789206269553057,8,3,0
2024-04-01,Réanimation,12,24,17,0.7200084687095804,24,6,0
2024-04-01,Maladies_infectieuses,8,24,11,0.4885537940332242,18,9,0
2024-04-01,Urgences,6,12,9,0.7788944944431985,12,2,0
2024-04-01,Médecine_interne,4,8,4,0.5379939045899002,8,3,0
2024-04-02,Réanimation,12,24,12,0.5401082359643192,24,11,0
2024-04-02,Maladies_infectieuses,8,24,13,0.5481409930693577,18,8,0
2024-04-02,Urgences,6,12,7,0.5856462826986665,12,4,0
2024-04-02,Médecine_interne,4,8,4,0.5300195517749628,8,3,0
2024-04-03,Réanimation,12,24,21,0.8793335800747188,24,2,0
2024-04-03,Maladies_infectieuses,8,24,11,0.4619036152357887,18,9,0
2024-04-03,Urgences,6,12,6,0.5008324412685761,12,5,0
2024-04-03,Médecine_interne,4,8,5,0.7045361037446468,8,2,0
2024-04-04,Réanimation,12,24,14,0.5845582130372665,24,9,0
2024-04-04,Maladies_infectieuses,8,24,14,0.5842635565215922,18,7,0
2024-04-04,Urgences,6,12,9,0.7837580129292143,12,2,0
2024-04-04,Médecine_interne,4,8,5,0.7059221327197396,8,2,0
2024-04-05,Réanimation,12,24,13,0.5417989601975703,24,10,0
2024-04-05,Maladies_infectieuses,8,24,16,0.6984916169777486,18,5,0
2024-04-05,Urgences,6,12,6,0.5247832819588788,12,5,0
2024-04-05,Médecine_interne,4,8,5,0.65586571878733,8,2,0
2024-04-06,Réanimation,12,24,15,0.6322455285826776,24,8,0
2024-04-06,Maladies_infectieuses,8,24,14,0.6067903540794203,18,7,0
2024-04-06,Urgences,6,12,5,0.4570673786828417,12,6,0
2024-04-06,Médecine_interne,4,8,6,0.8367558394572729,8,1,0
2024-04-07,Réanimation,12,24,14,0.6181229638934475,24,9,0
2024-04-07,Maladies_infectieuses,8,24,14,0.6037987381980264,18,7,0
2024-04-07,Urgences,6,12,9,0.7662719984526613,12,2,0
2024-04-07,Médecine_interne,4,8,4,0.5129668671203395,8,3,0
2024-04-08,Réanimation,12,24,19,0.8037003997084589,24,4,0
2024-04-08,Maladies_infectieuses,8,24,16,0.6906563819446143,18,5,0
2024-04-08,Urgences,6,12,7,0.659699477140125,12,4,0
2024-04-08,Médecine_interne,4,8,6,0.7867755388858236,8,1,0
2024-04-09,Réanimation,12,24,15,0.6378475099490715,24,8,0
2024-04-09,Maladies_infectieuses,8,24,19,0.8091351253177125,18,3,0
2024-04-09,Urgences,6,12,5,0.4844781953593685,12,6,0
2024-04-09,Médecine_interne,4,8,4,0.5193177086949503,8,3,0
2024-04-10,Réanimation,12,24,16,0.6911923068551572,24,7,0
2024-04-10,Maladies_infectieuses,8,24,12,0.5147708112685232,18,8,0
2024-04-10,Urgences,6,12,9,0.8087744420988775,12,2,0
2024-04-10,Médecine_interne,4,8,7,0.8923673509226033,8,0,0
2024-04-11,Réanimation,12,24,20,0.8403556587813202,24,3,0
2024-04-11,Maladies_infectieuses,8,24,17,0.7379316791778004,18,4,0
2024-04-11,Urgences,6,12,5,0.4951258661468548,12,6,0
2024-04-11,Médecine_interne,4,8,4,0.6099298946065952,8,3,0
2024-04-12,Réanimation,12,24,10,0.457880313366471,24,13,0
2024-04-12,Maladies_infectieuses,8,24,16,0.6668384003611216,18,5,0
2024-04-12,Urgences,6,12,6,0.53676834039332,12,5,0
2024-04-12,Médecine_interne,4,8,5,0.7234560593895037,8,2,0
2024-04-13,Réanimation,12,24,15,0.628609224534007,24,8,0
2024-04-13,Maladies_infectieuses,8,24,15,0.6570860410339191,18,6,0
2024-04-13,Urgences,6,12,9,0.7567016525068835,12,2,0
2024-04-13,Médecine_interne,4,8,5,0.6578867347019238,8,2,0
2024-04-14,Réanimation,12,24,16,0.6734063786547884,24,7,0
2024-04-14,Maladies_infectieuses,8,24,19,0.8324081782370998,18,3,0
2024-04-14,Urgences,6,12,10,0.8566745475279802,12,1,0
2024-04-14,Médecine_interne,4,8,2,0.253374128557113,8,5,0
2024-04-15,Réanimation,12,24,14,0.6202189836747543,24,9,0
2024-04-15,Maladies_infectieuses,8,24,21,0.8962254784655385,18,1,0
2024-04-15,Urgences,6,12,8,0.6915222950125766,12,3,0
2024-04-15,Médecine_interne,4,8,5,0.6666021596265833,8,2,0
2024-04-16,Réanimation,12,24,19,0.8218414572637847,24,4,0
2024-04-16,Maladies_infectieuses,8,24,16,0.6683895762287888,18,5,0
2024-04-16,Urgences,6,12,9,0.7631051757357769,12,2,0
2024-04-16,Médecine_interne,4,8,6,0.8240687595881038,8,1,0
2024-04-17,Réanimation,12,24,17,0.7412587785944347,24,6,0
2024-04-17,Maladies_infectieuses,8,24,16,0.6778131739058115,18,5,0
2024-04-17,Urgences,6,12,8,0.7430879394861483,12,3,0
2024-04-17,Médecine_interne,4,8,5,0.7289746178303822,8,2,0
2024-04-18,Réanimation,12,24,15,0.6580327388623334,24,8,0
2024-04-18,Maladies_infectieuses,8,24,16,0.6777663230766666,18,5,0
2024-04-18,Urgences,6,12,7,0.6523302803475468,12,4,0
2024-04-18,Médecine_interne,4,8,3,0.42791864802029667,8,4,0
2024-04-19,Réanimation,12,24,21,0.8960016609350645,24,2,0
2024-04-19,Maladies_infectieuses,8,24,15,0.6283538102618411,18,6,0
2024-04-19,Urgences,6,12,8,0.7097289401099788,12,3,0
2024-04-19,Médecine_interne,4,8,7,0.9125094689809183,8,0,0
2024-04-20,Réanimation,12,24,16,0.7064126519890276,24,7,0
2024-04-20,Maladies_infectieuses,8,24,16,0.6862672190130362,18,5,0
2024-04-20,Urgences,6,12,4,0.36460057364878196,12,7,0
2024-04-20,Médecine_interne,4,8,5,0.7401983453549413,8,2,0
2024-04-21,Réanimation,12,24,15,0.64530489093141,24,8,0
2024-04-21,Maladies_infectieuses,8,24,18,0.7809436609953446,18,3,0
2024-04-21,Urgences,6,12,8,0.6795673798385061,12,3,0
2024-04-21,Médecine_interne,4,8,5,0.6771131360586511,8,2,0
2024-04-22,Réanimation,12,24,14,0.6240755496887693,24,9,0
2024-04-22,Maladies_infectieuses,8,24,15,0.637074462709468,18,6,0
2024-04-22,Urgences,6,12,9,0.7763584998449721,12,2,0
2024-04-22,Médecine_interne,4,8,4,0.6120544636160488,8,3,0
2024-04-23,Réanimation,12,24,12,0.5285633784490079,24,11,0
2024-04-23,Maladies_infectieuses,8,24,16,0.6849243858966281,18,5,0
2024-04-23,Urgences,6,12,5,0.4663954547159973,12,6,0
2024-04-23,Médecine_interne,4,8,4,0.5221794929866531,8,3,0
2024-04-24,Réanimation,12,24,11,0.46771621074782455,24,12,0
2024-04-24,Maladies_infectieuses,8,24,22,0.9189011296673714,18,1,0
2024-04-24,Urgences,6,12,4,0.36293073074812005,12,7,0
2024-04-24,Médecine_interne,4,8,5,0.6326470105974678,8,2,0
2024-04-25,Réanimation,12,24,11,0.48741070599248715,24,12,0
2024-04-25,Maladies_infectieuses,8,24,21,0.9065791255112123,18,1,0
2024-04-25,Urgences,6,12,6,0.5741117480847431,12,5,0
2024-04-25,Médecine_interne,4,8,6,0.8021749767112378,8,1,0
2024-04-26,Réanimation,12,24,14,0.6104920122346599,24,9,0
2024-04-26,Maladies_infectieuses,8,24,18,0.7627063347554603,18,4,0
2024-04-26,Urgences,6,12,11,0.9332468120746287,12,0,0
2024-04-26,Médecine_interne,4,8,4,0.5643640028745092,8,3,0
2024-04-27,Réanimation,12,24,10,0.43958155469583504,24,13,0
2024-04-27,Maladies_infectieuses,8,24,13,0.5744239554229984,18,7,0
2024-04-27,Urgences,6,12,5,0.4984344878689247,12,6,0
2024-04-27,Médecine_interne,4,8,6,0.8446368065355927,8,1,0
2024-04-28,Réanimation,12,24,14,0.6069347630177381,24,9,0
2024-04-28,Maladies_infectieuses,8,24,20,0.8440034224669231,18,2,0
2024-04-28,Urgences,6,12,6,0.5233031322319663,12,5,0
2024-04-28,Médecine_interne,4,8,4,0.5538900442972945,8,3,0
2024-04-29,Réanimation,12,24,17,0.729485224841697,24,6,0
2024-04-29,Maladies_infectieuses,8,24,9,0.4114656508038186,18,10,0
2024-04-29,Urgences,6,12,9,0.8265397971732262,12,2,0
2024-04-29,Médecine_interne,4,8,5,0.7459238375139194,8,2,0
2024-04-30,Réanimation,12,24,18,0.7582720461573146,24,5,0
2024-04-30,Maladies_infectieuses,8,24,14,0.612587878502418,18,6,0
2024-04-30,Urgences,6,12,7,0.6490192941123198,12,4,0
2024-04-30,Médecine_interne,4,8,5,0.6380420851436774,8,2,0
2024-05-01,Réanimation,12,24,19,0.8054358993436166,24,4,0
2024-05-01,Maladies_infectieuses,8,24,24,1.0,18,0,1
2024-05-01,Urgences,6,12,4,0.3820764679369671,12,7,0
2024-05-01,Médecine_interne,4,8,5,0.678396164579409,8,2,0
2024-05-02,Réanimation,12,24,13,0.5805639269379019,24,10,0
2024-05-02,Maladies_infectieuses,8,24,15,0.646787842652862,18,6,0
2024-05-02,Urgences,6,12,10,0.8658736328348545,12,1,0
2024-05-02,Médecine_interne,4,8,5,0.6297172658440976,8,2,0
2024-05-03,Réanimation,12,24,13,0.5428761143491241,24,10,0
2024-05-03,Maladies_infectieuses,8,24,14,0.5879712016810671,18,7,0
2024-05-03,Urgences,6,12,7,0.6633212783145614,12,4,0
2024-05-03,Médecine_interne,4,8,3,0.4539927821379505,8,4,0
2024-05-04,Réanimation,12,24,13,0.5469368098720581,24,10,0
2024-05-04,Maladies_infectieuses,8,24,14,0.5874999830898576,18,7,0
2024-05-04,Urgences,6,12,9,0.7632746167710981,12,2,0
2024-05-04,Médecine_interne,4,8,4,0.5106327366890622,8,3,0
2024-05-05,Réanimation,12,24,15,0.6575278619443014,24,8,0
2024-05-05,Maladies_infectieuses,8,24,16,0.6734535053167569,18,5,0
2024-05-05,Urgences,6,12,5,0.4858183149128607,12,6,0
2024-05-05,Médecine_interne,4,8,4,0.5015688400643815,8,3,0
2024-05-06,Réanimation,12,24,13,0.5749487670863911,24,10,0
2024-05-06,Maladies_infectieuses,8,24,16,0.6986255501984888,18,5,0
2024-05-06,Urgences,6,12,7,0.6315440947651632,12,4,0
2024-05-06,Médecine_interne,4,8,3,0.4841317407442695,8,4,0
2024-05-07,Réanimation,12,24,12,0.5081098818423041,24,11,0
2024-05-07,Maladies_infectieuses,8,24,12,0.5264516020780465,18,8,0
2024-05-07,Urgences,6,12,8,0.6714008363331582,12,3,0
2024-05-07,Médecine_interne,4,8,5,0.6764827998943013,8,2,0
2024-05-08,Réanimation,12,24,16,0.6865553089503351,24,7,0
2024-05-08,Maladies_infectieuses,8,24,18,0.7627441502294318,18,4,0
2024-05-08,Urgences,6,12,7,0.6458854481510767,12,4,0
2024-05-08,Médecine_interne,4,8,3,0.49745290422008825,8,4,0
2024-05-09,Réanimation,12,24,12,0.5195261759574259,24,11,0
2024-05-09,Maladies_infectieuses,8,24,18,0.7864448839032541,18,3,0
2024-05-09,Urgences,6,12,9,0.7748551284930252,12,2,0
2024-05-09,Médecine_interne,4,8,4,0.5450073696187671,8,3,0
2024-05-10,Réanimation,12,24,14,0.6194409764204548,24,9,0
2024-05-10,Maladies_infectieuses,8,24,16,0.6972442419968978,18,5,0
2024-05-10,Urgences,6,12,8,0.6807332328791491,12,3,0
2024-05-10,Médecine_interne,4,8,5,0.6813404677672612,8,2,0
2024-05-11,Réanimation,12,24,13,0.5448264997897774,24,10,0
2024-05-11,Maladies_infectieuses,8,24,16,0.678988726139333,18,5,0
2024-05-11,Urgences,6,12,8,0.7271412137701322,12,3,0
2024-05-11,Médecine_interne,4,8,4,0.5764651260128124,8,3,0
2024-05-12,Réanimation,12,24,18,0.7739892422040928,24,5,0
2024-05-12,Maladies_infectieuses,8,24,13,0.5636107615135652,18,7,0
2024-05-12,Urgences,6,12,9,0.8300167036235253,12,2,0
2024-05-12,Médecine_interne,4,8,4,0.6155486501477322,8,3,0
2024-05-13,Réanimation,12,24,12,0.526993534760471,24,11,0
2024-05-13,Maladies_infectieuses,8,24,20,0.8676400088042613,18,2,0
2024-05-13,Urgences,6,12,5,0.4677128871999876,12,6,0
2024-05-13,Médecine_interne,4,8,6,0.8433186939205221,8,1,0
2024-05-14,Réanimation,12,24,14,0.6040343118578377,24,9,0
2024-05-14,Maladies_infectieuses,8,24,14,0.6144292455307657,18,6,0
2024-05-14,Urgences,6,12,12,1.0,12,0,1
2024-05-14,Médecine_interne,4,8,4,0.5480852861159381,8,3,0
2024-05-15,Réanimation,12,24,9,0.38508079905046955,24,14,0
2024-05-15,Maladies_infectieuses,8,24,15,0.6597923820438829,18,6,0
2024-05-15,Urgences,6,12,8,0.6777987758880181,12,3,0
2024-05-15,Médecine_interne,4,8,4,0.6061633568969307,8,3,0
2024-05-16,Réanimation,12,24,12,0.5155269581784452,24,11,0
2024-05-16,Maladies_infectieuses,8,24,13,0.5450098658825685,18,8,0
2024-05-16,Urgences,6,12,8,0.6835794333358223,12,3,0
2024-05-16,Médecine_interne,4,8,4,0.5332293900027968,8,3,0
2024-05-17,Réanimation,12,24,13,0.566322977881674,24,10,0
2024-05-17,Maladies_infectieuses,8,24,17,0.7087814285228202,18,5,0
2024-05-17,Urgences,6,12,5,0.4952483245676335,12,6,0
2024-05-17,Médecine_interne,4,8,8,1.0,8,0,1
2024-05-18,Réanimation,12,24,12,0.5364092395298113,24,11,0
2024-05-18,Maladies_infectieuses,8,24,15,0.6581797655987873,18,6,0
2024-05-18,Urgences,6,12,9,0.7611741073877141,12,2,0
2024-05-18,Médecine_interne,4,8,5,0.7210004230889683,8,2,0
2024-05-19,Réanimation,12,24,15,0.6274302173513243,24,8,0
2024-05-19,Maladies_infectieuses,8,24,18,0.7622647134664426,18,4,0
2024-05-19,Urgences,6,12,10,0.8818249785963754,12,1,0
2024-05-19,Médecine_interne,4,8,4,0.6178175729051749,8,3,0
2024-05-20,Réanimation,12,24,15,0.6335636066480017,24,8,0
2024-05-20,Maladies_infectieuses,8,24,16,0.6803111863790827,18,5,0
2024-05-20,Urgences,6,12,10,0.8565016429399219,12,1,0
2024-05-20,Médecine_interne,4,8,3,0.48330073811909435,8,4,0
2024-05-21,Réanimation,12,24,20,0.8350743565216853,24,3,0
2024-05-21,Maladies_infectieuses,8,24,17,0.7194145314816274,18,5,0
2024-05-21,Urgences,6,12,5,0.49213546997560687,12,6,0
2024-05-21,Médecine_interne,4,8,4,0.6222804444959515,8,3,0
2024-05-22,Réanimation,12,24,14,0.5841903695425471,24,9,0
2024-05-22,Maladies_infectieuses,8,24,11,0.4817460920554874,18,9,0
2024-05-22,Urgences,6,12,7,0.6120959106320698,12,4,0
2024-05-22,Médecine_interne,4,8,5,0.6358299424104947,8,2,0
2024-05-23,Réanimation,12,24,15,0.638701699851101,24,8,0
2024-05-23,Maladies_infectieuses,8,24,19,0.81184475865554,18,3,0
2024-05-23,Urgences,6,12,5,0.4540646815789239,12,6,0
2024-05-23,Médecine_interne,4,8,7,0.882320554353393,8,0,0
2024-05-24,Réanimation,12,24,17,0.7346975126289398,24,6,0
2024-05-24,Maladies_infectieuses,8,24,17,0.7347126041563637,18,4,0
2024-05-24,Urgences,6,12,6,0.5310266642236208,12,5,0
2024-05-24,Médecine_interne,4,8,5,0.7427024776134031,8,2,0
2024-05-25,Réanimation,12,24,11,0.48067913112571914,24,12,0
2024-05-25,Maladies_infectieuses,8,24,18,0.770336554799899,18,4,0
2024-05-25,Urgences,6,12,3,0.29933016994410655,12,8,0
2024-05-25,Médecine_interne,4,8,4,0.6105213582726593,8,3,0
2024-05-26,Réanimation,12,24,11,0.4815071418198333,24,12,0
2024-05-26,Maladies_infectieuses,8,24,12,0.521923924384327,18,8,0
2024-05-26,Urgences,6,12,7,0.6596323718055037,12,4,0
2024-05-26,Médecine_interne,4,8,5,0.7103408204631538,8,2,0
2024-05-27,Réanimation,12,24,21,0.8799190111005009,24,2,0
2024-05-27,Maladies_infectieuses,8,24,12,0.5314743865690498,18,8,0
2024-05-27,Urgences,6,12,7,0.6421784611550491,12,4,0
2024-05-27,Médecine_interne,4,8,7,0.8938843451557406,8,0,0
2024-05-28,Réanimation,12,24,16,0.6856326609278154,24,7,0
2024-05-28,Maladies_infectieuses,8,24,20,0.8699068373150681,18,2,0
2024-05-28,Urgences,6,12,6,0.5716418797014289,12,5,0
2024-05-28,Médecine_interne,4,8,6,0.810559179550485,8,1,0
2024-05-29,Réanimation,12,24,15,0.6383702815645514,24,8,0
2024-05-29,Maladies_infectieuses,8,24,14,0.6110799727634381,18,7,0
2024-05-29,Urgences,6,12,9,0.7713437012135061,12,2,0
2024-05-29,Médecine_interne,4,8,5,0.635548278408889,8,2,0
2024-05-30,Réanimation,12,24,11,0.48635686205511797,24,12,0
2024-05-30,Maladies_infectieuses,8,24,12,0.5130181939449352,18,8,0
2024-05-30,Urgences,6,12,10,0.90727089295902,12,1,0
2024-05-30,Médecine_interne,4,8,6,0.8534520468890451,8,1,0
2024-05-31,Réanimation,12,24,13,0.5709196529786735,24,10,0
2024-05-31,Maladies_infectieuses,8,24,13,0.5792404373967724,18,7,0
2024-05-31,Urgences,6,12,9,0.7833823200194183,12,2,0
2024-05-31,Médecine_interne,4,8,4,0.6179980881239575,8,3,0
2024-06-01,Réanimation,12,24,22,0.9236018332155009,24,1,0
2024-06-01,Maladies_infectieuses,8,24,21,0.8940177526145807,18,1,0
2024-06-01,Urgences,6,12,7,0.6421631275425589,12,4,0
2024-06-01,Médecine_interne,4,8,4,0.5677744505531436,8,3,0
2024-06-02,Réanimation,12,24,17,0.725437330205235,24,6,0
2024-06-02,Maladies_infectieuses,8,24,16,0.6951999690057442,18,5,0
2024-06-02,Urgences,6,12,11,0.927077753895885,12,0,0
2024-06-02,Médecine_interne,4,8,4,0.594797509693981,8,3,0
2024-06-03,Réanimation,12,24,14,0.5988143051345429,24,9,0
2024-06-03,Maladies_infectieuses,8,24,15,0.6365639464855658,18,6,0
2024-06-03,Urgences,6,12,6,0.5164267493759788,12,5,0
2024-06-03,Médecine_interne,4,8,6,0.7775423048375856,8,1,0
2024-06-04,Réanimation,12,24,12,0.5061323830969815,24,11,0
2024-06-04,Maladies_infectieuses,8,24,15,0.6380748773053186,18,6,0
2024-06-04,Urgences,6,12,8,0.7460419460476881,12,3,0
2024-06-04,Médecine_interne,4,8,5,0.7039332185837225,8,2,0
2024-06-05,Réanimation,12,24,19,0.8272114449359322,24,4,0
2024-06-05,Maladies_infectieuses,8,24,16,0.6840727168705045,18,5,0
2024-06-05,Urgences,6,12,11,0.9595260729571509,12,0,1
2024-06-05,Médecine_interne,4,8,5,0.6317246462961638,8,2,0
2024-06-06,Réanimation,12,24,14,0.5964524272807638,24,9,0
2024-06-06,Maladies_infectieuses,8,24,16,0.6718027972857277,18,5,0
2024-06-06,Urgences,6,12,8,0.6677666464924971,12,3,0
2024-06-06,Médecine_interne,4,8,4,0.548356826855382,8,3,0
2024-06-07,Réanimation,12,24,20,0.8631747077618199,24,3,0
2024-06-07,Maladies_infectieuses,8,24,13,0.5694767502185775,18,7,0
2024-06-07,Urgences,6,12,8,0.7374246852779524,12,3,0
2024-06-07,Médecine_interne,4,8,4,0.5873501374233955,8,3,0
2024-06-08,Réanimation,12,24,16,0.6749784582376374,24,7,0
2024-06-08,Maladies_infectieuses,8,24,11,0.4975574858555219,18,9,0
2024-06-08,Urgences,6,12,7,0.5849688261717547,12,4,0
2024-06-08,Médecine_interne,4,8,6,0.7807840888993006,8,1,0
2024-06-09,Réanimation,12,24,19,0.7923312210696192,24,4,0
2024-06-09,Maladies_infectieuses,8,24,13,0.5495782417464373,18,8,0
2024-06-09,Urgences,6,12,8,0.749629892988662,12,3,0
2024-06-09,Médecine_interne,4,8,4,0.5386019669402189,8,3,0
2024-06-10,Réanimation,12,24,19,0.8155917955234475,24,4,0
2024-06-10,Maladies_infectieuses,8,24,13,0.5454223407915573,18,8,0
2024-06-10,Urgences,6,12,4,0.35413940689487705,12,7,0
2024-06-10,Médecine_interne,4,8,5,0.6439545530276736,8,2,0
2024-06-11,Réanimation,12,24,21,0.8910661061649424,24,2,0
2024-06-11,Maladies_infectieuses,8,24,13,0.5810098234164207,18,7,0
2024-06-11,Urgences,6,12,9,0.7712966203094022,12,2,0
2024-06-11,Médecine_interne,4,8,3,0.42022840434209213,8,4,0
2024-06-12,Réanimation,12,24,17,0.735786227499105,24,6,0
2024-06-12,Maladies_infectieuses,8,24,13,0.5528685235633627,18,8,0
2024-06-12,Urgences,6,12,3,0.30918702800618364,12,8,0
2024-06-12,Médecine_interne,4,8,4,0.6096728071770928,8,3,0
2024-06-13,Réanimation,12,24,17,0.7392865333061801,24,6,0
2024-06-13,Maladies_infectieuses,8,24,15,0.6435970621698072,18,6,0
2024-06-13,Urgences,6,12,4,0.36865811974007523,12,7,0
2024-06-13,Médecine_interne,4,8,7,0.999727188070984,8,0,1
2024-06-14,Réanimation,12,24,12,0.5257666675475386,24,11,0
2024-06-14,Maladies_infectieuses,8,24,16,0.6986750047178516,18,5,0
2024-06-14,Urgences,6,12,6,0.5829799256522803,12,5,0
2024-06-14,Médecine_interne,4,8,5,0.6332759750307144,8,2,0
2024-06-15,Réanimation,12,24,19,0.8319088128453297,24,4,0
2024-06-15,Maladies_infectieuses,8,24,15,0.649290749475376,18,6,0
2024-06-15,Urgences,6,12,7,0.648531847397954,12,4,0
2024-06-15,Médecine_interne,4,8,5,0.7053481985605761,8,2,0
2024-06-16,Réanimation,12,24,20,0.866260483409465,24,3,0
2024-06-16,Maladies_infectieuses,8,24,18,0.7609451431543035,18,4,0
2024-06-16,Urgences,6,12,5,0.43712610326225043,12,6,0
2024-06-16,Médecine_interne,4,8,4,0.5281904904144268,8,3,0
2024-06-17,Réanimation,12,24,7,0.3182385645098618,24,16,0
2024-06-17,Maladies_infectieuses,8,24,15,0.6579386765612528,18,6,0
2024-06-17,Urgences,6,12,5,0.4631514542187304,12,6,0
2024-06-17,Médecine_interne,4,8,3,0.39071513545523523,8,4,0
2024-06-18,Réanimation,12,24,13,0.5673854550632543,24,10,0
2024-06-18,Maladies_infectieuses,8,24,17,0.7454624773389011,18,4,0
2024-06-18,Urgences,6,12,7,0.6551423957419009,12,4,0
2024-06-18,Médecine_interne,4,8,7,0.8959251605967131,8,0,0
2024-06-19,Réanimation,12,24,21,0.9072327141074823,24,2,0
2024-06-19,Maladies_infectieuses,8,24,6,0.27768474270353566,18,13,0
2024-06-19,Urgences,6,12,5,0.4720895351195553,12,6,0
2024-06-19,Médecine_interne,4,8,6,0.7565032469762472,8,1,0
2024-06-20,Réanimation,12,24,15,0.6495560899480501,24,8,0
2024-06-20,Maladies_infectieuses,8,24,16,0.6713383204565162,18,5,0
2024-06-20,Urgences,6,12,5,0.4900614725075274,12,6,0
2024-06-20,Médecine_interne,4,8,5,0.731921387765127,8,2,0
2024-06-21,Réanimation,12,24,18,0.7500712264370001,24,5,0
2024-06-21,Maladies_infectieuses,8,24,15,0.6411801598737665,18,6,0
2024-06-21,Urgences,6,12,10,0.8529393509782903,12,1,0
2024-06-21,Médecine_interne,4,8,4,0.5838778673702547,8,3,0
2024-06-22,Réanimation,12,24,13,0.5629841468748904,24,10,0
2024-06-22,Maladies_infectieuses,8,24,13,0.5553096645167099,18,8,0
2024-06-22,Urgences,6,12,7,0.599068217717115,12,4,0
2024-06-22,Médecine_interne,4,8,4,0.5162935967092787,8,3,0
2024-06-23,Réanimation,12,24,23,0.9904382387910651,24,0,1
2024-06-23,Maladies_infectieuses,8,24,21,0.8859250914740777,18,2,0
2024-06-23,Urgences,6,12,7,0.615508153056349,12,4,0
2024-06-23,Médecine_interne,4,8,5,0.6348785038018192,8,2,0
2024-06-24,Réanimation,12,24,10,0.44433631480571756,24,13,0
2024-06-24,Maladies_infectieuses,8,24,14,0.608338786380816,18,7,0
2024-06-24,Urgences,6,12,9,0.7674360977608298,12,2,0
2024-06-24,Médecine_interne,4,8,5,0.6935369404957085,8,2,0
2024-06-25,Réanimation,12,24,17,0.7182455138870661,24,6,0
2024-06-25,Maladies_infectieuses,8,24,12,0.5323581667857212,18,8,0
2024-06-25,Urgences,6,12,7,0.6049013844175738,12,4,0
2024-06-25,Médecine_interne,4,8,4,0.5405351256866603,8,3,0
2024-06-26,Réanimation,12,24,15,0.647528483900957,24,8,0
2024-06-26,Maladies_infectieuses,8,24,16,0.6868678439401344,18,5,0
2024-06-26,Urgences,6,12,6,0.578599210467961,12,5,0
2024-06-26,Médecine_interne,4,8,5,0.6900277267794573,8,2,0
2024-06-27,Réanimation,12,24,6,0.27686227292455134,24,17,0
2024-06-27,Maladies_infectieuses,8,24,14,0.6115201773847475,18,6,0
2024-06-27,Urgences,6,12,8,0.6674577839455353,12,3,0
2024-06-27,Médecine_interne,4,8,4,0.5244066663014323,8,3,0
2024-06-28,Réanimation,12,24,10,0.430147484345992,24,13,0
2024-06-28,Maladies_infectieuses,8,24,16,0.6840646989773999,18,5,0
2024-06-28,Urgences,6,12,4,0.34232588945362136,12,7,0
2024-06-28,Médecine_interne,4,8,5,0.6884734339297411,8,2,0
2024-06-29,Réanimation,12,24,13,0.551233816096907,24,10,0
2024-06-29,Maladies_infectieuses,8,24,13,0.5421890680819765,18,8,0
2024-06-29,Urgences,6,12,6,0.5812885305393694,12,5,0
2024-06-29,Médecine_interne,4,8,6,0.7917131304105891,8,1,0
2024-06-30,Réanimation,12,24,12,0.5023102554093204,24,11,0
2024-06-30,Maladies_infectieuses,8,24,12,0.5212468141122584,18,8,0
2024-06-30,Urgences,6,12,6,0.5143094369049233,12,5,0
2024-06-30,Médecine_interne,4,8,4,0.5525382370605956,8,3,0
2024-07-01,Réanimation,12,24,19,0.8016531143359523,24,4,0
2024-07-01,Maladies_infectieuses,8,24,13,0.5480922141378771,18,8,0
2024-07-01,Urgences,6,12,12,1.0,12,0,1
2024-07-01,Médecine_interne,4,8,6,0.7904515348006377,8,1,0
2024-07-02,Réanimation,12,24,23,0.9739133102962829,24,0,1
2024-07-02,Maladies_infectieuses,8,24,20,0.8605213573860847,18,2,0
2024-07-02,Urgences,6,12,8,0.7146361391520585,12,3,0
2024-07-02,Médecine_interne,4,8,8,1.0,8,0,1
2024-07-03,Réanimation,12,24,21,0.8764789579764226,24,2,0
2024-07-03,Maladies_infectieuses,8,24,19,0.7936583230091577,18,3,0
2024-07-03,Urgences,6,12,6,0.580592396219411,12,5,0
2024-07-03,Médecine_interne,4,8,4,0.5706491119020901,8,3,0
2024-07-04,Réanimation,12,24,21,0.8786828056171269,24,2,0
2024-07-04,Maladies_infectieuses,8,24,25,1.0,18,-1,1
2024-07-04,Urgences,6,12,12,1.0,12,0,1
2024-07-04,Médecine_interne,4,8,4,0.5407820030403718,8,3,0
2024-07-05,Réanimation,12,24,13,0.5494585956734177,24,10,0
2024-07-05,Maladies_infectieuses,8,24,10,0.4234576297712186,18,10,0
2024-07-05,Urgences,6,12,9,0.7559963260988495,12,2,0
2024-07-05,Médecine_interne,4,8,7,0.8770259169734748,8,0,0
2024-07-06,Réanimation,12,24,9,0.40956321660126405,24,14,0
2024-07-06,Maladies_infectieuses,8,24,16,0.6864137340804827,18,5,0
2024-07-06,Urgences,6,12,7,0.6655656798615863,12,4,0
2024-07-06,Médecine_interne,4,8,5,0.6705903988400517,8,2,0
2024-07-07,Réanimation,12,24,20,0.8567464740633854,24,3,0
2024-07-07,Maladies_infectieuses,8,24,19,0.8170563875177127,18,3,0
2024-07-07,Urgences,6,12,8,0.7491280732076467,12,3,0
2024-07-07,Médecine_interne,4,8,6,0.8491310546903871,8,1,0
2024-07-08,Réanimation,12,24,21,0.893118802758725,24,2,0
2024-07-08,Maladies_infectieuses,8,24,18,0.7507492020190003,18,4,0
2024-07-08,Urgences,6,12,11,0.9300617234325306,12,0,0
2024-07-08,Médecine_interne,4,8,4,0.5547809781967529,8,3,0
2024-07-09,Réanimation,12,24,20,0.859316805278662,24,3,0
2024-07-09,Maladies_infectieuses,8,24,18,0.7753175874508146,18,4,0
2024-07-09,Urgences,6,12,9,0.7556496765832916,12,2,0
2024-07-09,Médecine_interne,4,8,5,0.6945122941789199,8,2,0
2024-07-10,Réanimation,12,24,14,0.5985020794741124,24,9,0
2024-07-10,Maladies_infectieuses,8,24,20,0.8449352754691136,18,2,0
2024-07-10,Urgences,6,12,7,0.605471498034958,12,4,0
2024-07-10,Médecine_interne,4,8,7,0.8820757096833736,8,0,0
2024-07-11,Réanimation,12,24,6,0.2875781725610821,24,17,0
2024-07-11,Maladies_infectieuses,8,24,18,0.7686355348304641,18,4,0
2024-07-11,Urgences,6,12,9,0.8067699038961408,12,2,0
2024-07-11,Médecine_interne,4,8,5,0.67553197349326,8,2,0
2024-07-12,Réanimation,12,24,20,0.8406468479147978,24,3,0
2024-07-12,Maladies_infectieuses,8,24,21,0.893206422506744,18,1,0
2024-07-12,Urgences,6,12,8,0.6794358744327311,12,3,0
2024-07-12,Médecine_interne,4,8,6,0.7839757456345023,8,1,0
2024-07-13,Réanimation,12,24,15,0.6458232789751492,24,8,0
2024-07-13,Maladies_infectieuses,8,24,18,0.776572758086684,18,4,0
2024-07-13,Urgences,6,12,5,0.43459150837684657,12,6,0
2024-07-13,Médecine_interne,4,8,8,1.0,8,0,1
2024-07-14,Réanimation,12,24,19,0.8131266603076733,24,4,0
2024-07-14,Maladies_infectieuses,8,24,17,0.7306447730869124,18,4,0
2024-07-14,Urgences,6,12,8,0.6728092675743901,12,3,0
2024-07-14,Médecine_interne,4,8,5,0.7499065194468862,8,2,0
2024-07-15,Réanimation,12,24,16,0.7034829567356778,24,7,0
2024-07-15,Maladies_infectieuses,8,24,25,1.0,18,-1,1
2024-07-15,Urgences,6,12,8,0.6778311350105165,12,3,0
2024-07-15,Médecine_interne,4,8,5,0.6989489738786979,8,2,0
2024-07-16,Réanimation,12,24,17,0.7453412305794788,24,6,0
2024-07-16,Maladies_infectieuses,8,24,19,0.8118529012360168,18,3,0
2024-07-16,Urgences,6,12,9,0.8088910169318682,12,2,0
2024-07-16,Médecine_interne,4,8,6,0.7641758931673305,8,1,0
2024-07-17,Réanimation,12,24,16,0.7077304812147738,24,7,0
2024-07-17,Maladies_infectieuses,8,24,20,0.8344838703931291,18,2,0
2024-07-17,Urgences,6,12,9,0.8135300129671008,12,2,0
2024-07-17,Médecine_interne,4,8,6,0.7896817687676404,8,1,0
2024-07-18,Réanimation,12,24,17,0.7169493863281433,24,6,0
2024-07-18,Maladies_infectieuses,8,24,11,0.49893613706028517,18,9,0
2024-07-18,Urgences,6,12,10,0.8457534764516429,12,1,0
2024-07-18,Médecine_interne,4,8,6,0.8394033955521859,8,1,0
2024-07-19,Réanimation,12,24,20,0.8392853895107432,24,3,0
2024-07-19,Maladies_infectieuses,8,24,17,0.7493157878348611,18,4,0
2024-07-19,Urgences,6,12,7,0.6256125955583514,12,4,0
2024-07-19,Médecine_interne,4,8,5,0.6627114882343285,8,2,0
2024-07-20,Réanimation,12,24,30,1.0,24,-6,1
2024-07-20,Maladies_infectieuses,8,24,23,0.9947313114635631,18,0,1
2024-07-20,Urgences,6,12,10,0.8466319941052421,12,1,0
2024-07-20,Médecine_interne,4,8,5,0.659601011184311,8,2,0
2024-07-21,Réanimation,12,24,13,0.5538188335364375,24,10,0
2024-07-21,Maladies_infectieuses,8,24,12,0.526793501121153,18,8,0
2024-07-21,Urgences,6,12,10,0.8534372564222888,12,1,0
2024-07-21,Médecine_interne,4,8,6,0.7951342985563471,8,1,0
2024-07-22,Réanimation,12,24,19,0.7961835950891415,24,4,0
2024-07-22,Maladies_infectieuses,8,24,13,0.556679088301045,18,7,0
2024-07-22,Urgences,6,12,6,0.5767326997497673,12,5,0
2024-07-22,Médecine_interne,4,8,4,0.6122439818237502,8,3,0
2024-07-23,Réanimation,12,24,20,0.8415250961984342,24,3,0
2024-07-23,Maladies_infectieuses,8,24,21,0.8966946745132269,18,1,0
2024-07-23,Urgences,6,12,13,1.0,12,-1,1
2024-07-23,Médecine_interne,4,8,8,1.0,8,0,1
2024-07-24,Réanimation,12,24,17,0.7244492164553573,24,6,0
2024-07-24,Maladies_infectieuses,8,24,17,0.7292490395217154,18,4,0
2024-07-24,Urgences,6,12,10,0.8933188498129169,12,1,0
2024-07-24,Médecine_interne,4,8,4,0.6009213751026117,8,3,0
2024-07-25,Réanimation,12,24,15,0.6561494422428532,24,8,0
2024-07-25,Maladies_infectieuses,8,24,25,1.0,18,0,1
2024-07-25,Urgences,6,12,9,0.767543263389712,12,2,0
2024-07-25,Médecine_interne,4,8,5,0.7423020286954799,8,2,0
2024-07-26,Réanimation,12,24,25,1.0,24,-1,1
2024-07-26,Maladies_infectieuses,8,24,28,1.0,18,-3,1
2024-07-26,Urgences,6,12,11,0.9806053335382259,12,0,1
2024-07-26,Médecine_interne,4,8,5,0.6833743107106186,8,2,0
2024-07-27,Réanimation,12,24,21,0.8910719860412898,24,2,0
2024-07-27,Maladies_infectieuses,8,24,21,0.8847008716561673,18,2,0
2024-07-27,Urgences,6,12,12,1.0,12,0,1
2024-07-27,Médecine_interne,4,8,7,0.8868022401053341,8,0,0
2024-07-28,Réanimation,12,24,24,1.0,24,0,1
2024-07-28,Maladies_infectieuses,8,24,13,0.5560878600637237,18,7,0
2024-07-28,Urgences,6,12,12,1.0,12,0,1
2024-07-28,Médecine_interne,4,8,5,0.7351762610519585,8,2,0
2024-07-29,Réanimation,12,24,22,0.9225210067339151,24,1,0
2024-07-29,Maladies_infectieuses,8,24,22,0.9212674693026397,18,1,0
2024-07-29,Urgences,6,12,9,0.8075263155753685,12,2,0
2024-07-29,Médecine_interne,4,8,5,0.6410513017154699,8,2,0
2024-07-30,Réanimation,12,24,13,0.5817000786711064,24,10,0
2024-07-30,Maladies_infectieuses,8,24,14,0.6239263283437352,18,6,0
2024-07-30,Urgences,6,12,10,0.8965239584920461,12,1,0
2024-07-30,Médecine_interne,4,8,4,0.6013524064197632,8,3,0
2024-07-31,Réanimation,12,24,12,0.5019746682273077,24,11,0
2024-07-31,Maladies_infectieuses,8,24,10,0.4215477202099273,18,10,0
2024-07-31,Urgences,6,12,5,0.4894225174636176,12,6,0
2024-07-31,Médecine_interne,4,8,7,0.9620045101237599,8,0,1
2024-08-01,Réanimation,12,24,16,0.6784460179755446,24,7,0
2024-08-01,Maladies_infectieuses,8,24,22,0.9379735597268726,18,1,0
2024-08-01,Urgences,6,12,4,0.3352736574251571,12,7,0
2024-08-01,Médecine_interne,4,8,2,0.36303410513750484,8,5,0
2024-08-02,Réanimation,12,24,23,0.9763138551849713,24,0,1
2024-08-02,Maladies_infectieuses,8,24,19,0.823832207039287,18,3,0
2024-08-02,Urgences,6,12,8,0.6706349416601893,12,3,0
2024-08-02,Médecine_interne,4,8,5,0.6823141390940539,8,2,0
2024-08-03,Réanimation,12,24,23,0.9604525380563166,24,0,1
2024-08-03,Maladies_infectieuses,8,24,12,0.5372872164203728,18,8,0
2024-08-03,Urgences,6,12,7,0.6041461967272733,12,4,0
2024-08-03,Médecine_interne,4,8,5,0.6597910953838164,8,2,0
2024-08-04,Réanimation,12,24,16,0.6861102302065019,24,7,0
2024-08-04,Maladies_infectieuses,8,24,20,0.8343189067894483,18,2,0
2024-08-04,Urgences,6,12,10,0.8348522397544323,12,1,0
2024-08-04,Médecine_interne,4,8,6,0.8047658275914145,8,1,0
2024-08-05,Réanimation,12,24,11,0.46196808585236754,24,12,0
2024-08-05,Maladies_infectieuses,8,24,12,0.5200827225228507,18,8,0
2024-08-05,Urgences,6,12,8,0.6925867714177011,12,3,0
2024-08-05,Médecine_interne,4,8,9,1.0,8,-1,1
2024-08-06,Réanimation,12,24,18,0.7645790142138001,24,5,0
2024-08-06,Maladies_infectieuses,8,24,23,0.9692668825258082,18,0,1
2024-08-06,Urgences,6,12,7,0.6616396128209857,12,4,0
2024-08-06,Médecine_interne,4,8,5,0.7118798570685128,8,2,0
2024-08-07,Réanimation,12,24,16,0.6920749406462169,24,7,0
2024-08-07,Maladies_infectieuses,8,24,21,0.8866755976276051,18,2,0
2024-08-07,Urgences,6,12,10,0.8783921958139037,12,1,0
2024-08-07,Médecine_interne,4,8,4,0.6059959669786529,8,3,0
2024-08-08,Réanimation,12,24,19,0.7979091896902134,24,4,0
2024-08-08,Maladies_infectieuses,8,24,21,0.910527718304512,18,1,0
2024-08-08,Urgences,6,12,10,0.8445803729067097,12,1,0
2024-08-08,Médecine_interne,4,8,7,0.918400189238828,8,0,0
2024-08-09,Réanimation,12,24,18,0.7842304125066152,24,5,0
2024-08-09,Maladies_infectieuses,8,24,11,0.49152026642419366,18,9,0
2024-08-09,Urgences,6,12,8,0.7405591720475918,12,3,0
2024-08-09,Médecine_interne,4,8,4,0.5645053562235274,8,3,0
2024-08-10,Réanimation,12,24,12,0.5100440865527511,24,11,0
2024-08-10,Maladies_infectieuses,8,24,15,0.6570789331696599,18,6,0
2024-08-10,Urgences,6,12,8,0.7498950553522784,12,3,0
2024-08-10,Médecine_interne,4,8,6,0.7925298090676652,8,1,0
2024-08-11,Réanimation,12,24,27,1.0,24,-3,1
2024-08-11,Maladies_infectieuses,8,24,24,1.0,18,0,1
2024-08-11,Urgences,6,12,8,0.7224966858751073,12,3,0
2024-08-11,Médecine_interne,4,8,4,0.5440070090468876,8,3,0
2024-08-12,Réanimation,12,24,13,0.5749620386273004,24,10,0
2024-08-12,Maladies_infectieuses,8,24,25,1.0,18,-1,1
2024-08-12,Urgences,6,12,7,0.6416039640065526,12,4,0
2024-08-12,Médecine_interne,4,8,4,0.5820708745949787,8,3,0
2024-08-13,Réanimation,12,24,17,0.7254511615394518,24,6,0
2024-08-13,Maladies_infectieuses,8,24,18,0.7507220542399499,18,4,0
2024-08-13,Urgences,6,12,8,0.6929053610861422,12,3,0
2024-08-13,Médecine_interne,4,8,5,0.7166501702642011,8,2,0
2024-08-14,Réanimation,12,24,25,1.0,24,-1,1
2024-08-14,Maladies_infectieuses,8,24,21,0.8940230404331942,18,1,0
2024-08-14,Urgences,6,12,10,0.8805350822786525,12,1,0
2024-08-14,Médecine_interne,4,8,5,0.737795218538342,8,2,0
2024-08-15,Réanimation,12,24,17,0.7133621957490113,24,6,0
2024-08-15,Maladies_infectieuses,8,24,15,0.6384747420409528,18,6,0
2024-08-15,Urgences,6,12,5,0.49347068893383095,12,6,0
2024-08-15,Médecine_interne,4,8,6,0.8557084143020731,8,1,0
2024-08-16,Réanimation,12,24,31,1.0,24,-7,1
2024-08-16,Maladies_infectieuses,8,24,21,0.8868472241628796,18,2,0
2024-08-16,Urgences,6,12,5,0.479814091284746,12,6,0
2024-08-16,Médecine_interne,4,8,4,0.5098029407101332,8,3,0
2024-08-17,Réanimation,12,24,23,0.9957351704881845,24,0,1
2024-08-17,Maladies_infectieuses,8,24,22,0.9210827684553441,18,1,0
2024-08-17,Urgences,6,12,6,0.5613852546602677,12,5,0
2024-08-17,Médecine_interne,4,8,2,0.37185821834382876,8,5,0
2024-08-18,Réanimation,12,24,21,0.9133798882282155,24,2,0
2024-08-18,Maladies_infectieuses,8,24,27,1.0,18,-2,1
2024-08-18,Urgences,6,12,6,0.5426195194401005,12,5,0
2024-08-18,Médecine_interne,4,8,7,0.9658566887939329,8,0,1
2024-08-19,Réanimation,12,24,25,1.0,24,-1,1
2024-08-19,Maladies_infectieuses,8,24,22,0.9412908019485666,18,1,0
2024-08-19,Urgences,6,12,11,0.9484311303183668,12,0,0
2024-08-19,Médecine_interne,4,8,6,0.8486180951945639,8,1,0
2024-08-20,Réanimation,12,24,16,0.6950278676658318,24,7,0
2024-08-20,Maladies_infectieuses,8,24,23,0.9620770400894186,18,0,1
2024-08-20,Urgences,6,12,8,0.7260118335549851,12,3,0
2024-08-20,Médecine_interne,4,8,7,0.9496255067934603,8,0,0
2024-08-21,Réanimation,12,24,21,0.8916620780079613,24,2,0
2024-08-21,Maladies_infectieuses,8,24,20,0.8334746000025568,18,2,0
2024-08-21,Urgences,6,12,11,0.9471266265306153,12,0,0
2024-08-21,Médecine_interne,4,8,8,1.0,8,0,1
2024-08-22,Réanimation,12,24,14,0.5961803372381479,24,9,0
2024-08-22,Maladies_infectieuses,8,24,20,0.8570646621767551,18,2,0
2024-08-22,Urgences,6,12,8,0.6960660386502456,12,3,0
2024-08-22,Médecine_interne,4,8,6,0.7679531308903934,8,1,0
2024-08-23,Réanimation,12,24,22,0.9552905789301716,24,1,1
2024-08-23,Maladies_infectieuses,8,24,18,0.7790118237901099,18,3,0
2024-08-23,Urgences,6,12,13,1.0,12,-1,1
2024-08-23,Médecine_interne,4,8,4,0.6167785149084882,8,3,0
2024-08-24,Réanimation,12,24,22,0.9571932045238452,24,1,1
2024-08-24,Maladies_infectieuses,8,24,15,0.6537611105568217,18,6,0
2024-08-24,Urgences,6,12,8,0.7172412706682234,12,3,0
2024-08-24,Médecine_interne,4,8,8,1.0,8,0,1
2024-08-25,Réanimation,12,24,23,0.9781812120135758,24,0,1
2024-08-25,Maladies_infectieuses,8,24,15,0.6309755202235062,18,6,0
2024-08-25,Urgences,6,12,10,0.8672192054261699,12,1,0
2024-08-25,Médecine_interne,4,8,6,0.7594954413882368,8,1,0
2024-08-26,Réanimation,12,24,25,1.0,24,-1,1
2024-08-26,Maladies_infectieuses,8,24,15,0.6552519738253683,18,6,0
2024-08-26,Urgences,6,12,6,0.5492747523369785,12,5,0
2024-08-26,Médecine_interne,4,8,6,0.8235047555973748,8,1,0
2024-08-27,Réanimation,12,24,17,0.7388277391742467,24,6,0
2024-08-27,Maladies_infectieuses,8,24,19,0.8186332045462364,18,3,0
2024-08-27,Urgences,6,12,7,0.6306992977568379,12,4,0
2024-08-27,Médecine_interne,4,8,7,0.9576575805414977,8,0,1
2024-08-28,Réanimation,12,24,16,0.67022327975898,24,7,0
2024-08-28,Maladies_infectieuses,8,24,17,0.7411868842899171,18,4,0
2024-08-28,Urgences,6,12,11,0.9377049867114354,12,0,0
2024-08-28,Médecine_interne,4,8,8,1.0,8,0,1
2024-08-29,Réanimation,12,24,13,0.5823404908325717,24,10,0
2024-08-29,Maladies_infectieuses,8,24,16,0.672464710650439,18,5,0
2024-08-29,Urgences,6,12,10,0.8381574945309347,12,1,0
2024-08-29,Médecine_interne,4,8,3,0.4546858458311387,8,4,0
2024-08-30,Réanimation,12,24,20,0.8722502597558892,24,3,0
2024-08-30,Maladies_infectieuses,8,24,28,1.0,18,-3,1
2024-08-30,Urgences,6,12,11,0.9912916628667003,12,0,1
2024-08-30,Médecine_interne,4,8,6,0.7874531316094306,8,1,0
2024-08-31,Réanimation,12,24,16,0.6916459280552784,24,7,0
2024-08-31,Maladies_infectieuses,8,24,18,0.7785041320326378,18,3,0
2024-08-31,Urgences,6,12,14,1.0,12,-2,1
2024-08-31,Médecine_interne,4,8,5,0.6674456366289258,8,2,0
2024-09-01,Réanimation,12,24,16,0.6980382236087067,24,7,0
2024-09-01,Maladies_infectieuses,8,24,13,0.5531115717933149,18,8,0
2024-09-01,Urgences,6,12,9,0.7563757405514661,12,2,0
2024-09-01,Médecine_interne,4,8,6,0.8114127091166292,8,1,0
2024-09-02,Réanimation,12,24,11,0.4868406276296028,24,12,0
2024-09-02,Maladies_infectieuses,8,24,21,0.8938558861725016,18,1,0
2024-09-02,Urgences,6,12,3,0.31830586048146675,12,8,0
2024-09-02,Médecine_interne,4,8,3,0.4800974827369937,8,4,0
2024-09-03,Réanimation,12,24,14,0.6042194494394172,24,9,0
2024-09-03,Maladies_infectieuses,8,24,16,0.6876746905675757,18,5,0
2024-09-03,Urgences,6,12,4,0.37921323157234665,12,7,0
2024-09-03,Médecine_interne,4,8,5,0.7416877820954995,8,2,0
2024-09-04,Réanimation,12,24,18,0.7714153630441108,24,5,0
2024-09-04,Maladies_infectieuses,8,24,12,0.5281944809220998,18,8,0
2024-09-04,Urgences,6,12,8,0.7181241872197186,12,3,0
2024-09-04,Médecine_interne,4,8,5,0.6877122031301931,8,2,0
2024-09-05,Réanimation,12,24,14,0.6235430348596543,24,9,0
2024-09-05,Maladies_infectieuses,8,24,6,0.28668240889468116,18,12,0
2024-09-05,Urgences,6,12,10,0.8684961658060922,12,1,0
2024-09-05,Médecine_interne,4,8,4,0.5550255899551231,8,3,0
2024-09-06,Réanimation,12,24,13,0.5655927471400101,24,10,0
2024-09-06,Maladies_infectieuses,8,24,16,0.6799739654179178,18,5,0
2024-09-06,Urgences,6,12,7,0.6400167899506218,12,4,0
2024-09-06,Médecine_interne,4,8,7,0.8784944524003969,8,0,0
2024-09-07,Réanimation,12,24,16,0.6780987646654673,24,7,0
2024-09-07,Maladies_infectieuses,8,24,18,0.763420940441218,18,4,0
2024-09-07,Urgences,6,12,5,0.4989194593849732,12,6,0
2024-09-07,Médecine_interne,4,8,4,0.5189421757499402,8,3,0
2024-09-08,Réanimation,12,24,17,0.7399045839655894,24,6,0
2024-09-08,Maladies_infectieuses,8,24,15,0.6540657272573102,18,6,0
2024-09-08,Urgences,6,12,9,0.8324782444209775,12,2,0
2024-09-08,Médecine_interne,4,8,3,0.49085674152898806,8,4,0
2024-09-09,Réanimation,12,24,23,0.9670144748705514,24,0,1
2024-09-09,Maladies_infectieuses,8,24,13,0.5460316114885524,18,8,0
2024-09-09,Urgences,6,12,5,0.4673964766991183,12,6,0
2024-09-09,Médecine_interne,4,8,4,0.5360730321770485,8,3,0
2024-09-10,Réanimation,12,24,21,0.9146012893138113,24,2,0
2024-09-10,Maladies_infectieuses,8,24,18,0.7671131418742165,18,4,0
2024-09-10,Urgences,6,12,3,0.2738127903202058,12,8,0
2024-09-10,Médecine_interne,4,8,6,0.7780128608211168,8,1,0
2024-09-11,Réanimation,12,24,11,0.4801442069815999,24,12,0
2024-09-11,Maladies_infectieuses,8,24,13,0.566636919393257,18,7,0
2024-09-11,Urgences,6,12,7,0.6099039285491382,12,4,0
2024-09-11,Médecine_interne,4,8,6,0.7587868407655963,8,1,0
2024-09-12,Réanimation,12,24,20,0.8532784733293295,24,3,0
2024-09-12,Maladies_infectieuses,8,24,17,0.7343345729824091,18,4,0
2024-09-12,Urgences,6,12,9,0.7520521705899106,12,2,0
2024-09-12,Médecine_interne,4,8,5,0.6873202565193398,8,2,0
2024-09-13,Réanimation,12,24,15,0.628091522417349,24,8,0
2024-09-13,Maladies_infectieuses,8,24,11,0.48967813597267923,18,9,0
2024-09-13,Urgences,6,12,8,0.6898852003935132,12,3,0
2024-09-13,Médecine_interne,4,8,3,0.4866125151364847,8,4,0
2024-09-14,Réanimation,12,24,13,0.5645852711687865,24,10,0
2024-09-14,Maladies_infectieuses,8,24,14,0.6225511652739902,18,6,0
2024-09-14,Urgences,6,12,8,0.6907457863132441,12,3,0
2024-09-14,Médecine_interne,4,8,5,0.7393516199370909,8,2,0
2024-09-15,Réanimation,12,24,14,0.6191137445445536,24,9,0
2024-09-15,Maladies_infectieuses,8,24,12,0.5341065664343292,18,8,0
2024-09-15,Urgences,6,12,8,0.6880457780341226,12,3,0
2024-09-15,Médecine_interne,4,8,6,0.7717564075395349,8,1,0
2024-09-16,Réanimation,12,24,21,0.9001221548488846,24,2,0
2024-09-16,Maladies_infectieuses,8,24,10,0.4365847323583322,18,10,0
2024-09-16,Urgences,6,12,6,0.5601923718824998,12,5,0
2024-09-16,Médecine_interne,4,8,6,0.8531690886002284,8,1,0
2024-09-17,Réanimation,12,24,19,0.8026171306009451,24,4,0
2024-09-17,Maladies_infectieuses,8,24,14,0.5839644287439633,18,7,0
2024-09-17,Urgences,6,12,5,0.48596681171140393,12,6,0
2024-09-17,Médecine_interne,4,8,4,0.617339262279088,8,3,0
2024-09-18,Réanimation,12,24,18,0.791304391858857,24,5,0
2024-09-18,Maladies_infectieuses,8,24,12,0.5377204883942831,18,8,0
2024-09-18,Urgences,6,12,6,0.5404479297153361,12,5,0
2024-09-18,Médecine_interne,4,8,4,0.5389406214092288,8,3,0
2024-09-19,Réanimation,12,24,19,0.8259386955721477,24,4,0
2024-09-19,Maladies_infectieuses,8,24,13,0.5593609187359444,18,7,0
2024-09-19,Urgences,6,12,7,0.6420725304943432,12,4,0
2024-09-19,Médecine_interne,4,8,4,0.6059620183646027,8,3,0
2024-09-20,Réanimation,12,24,17,0.7174551003058993,24,6,0
2024-09-20,Maladies_infectieuses,8,24,12,0.513779294265094,18,8,0
2024-09-20,Urgences,6,12,4,0.3658581801018068,12,7,0
2024-09-20,Médecine_interne,4,8,5,0.6377562026114232,8,2,0
2024-09-21,Réanimation,12,24,12,0.5101701303339363,24,11,0
2024-09-21,Maladies_infectieuses,8,24,14,0.5997189675673732,18,7,0
2024-09-21,Urgences,6,12,10,0.8666882935321939,12,1,0
2024-09-21,Médecine_interne,4,8,5,0.7440158303716948,8,2,0
2024-09-22,Réanimation,12,24,13,0.5490617489805217,24,10,0
2024-09-22,Maladies_infectieuses,8,24,14,0.6007934458438441,18,7,0
2024-09-22,Urgences,6,12,7,0.6252837095380197,12,4,0
2024-09-22,Médecine_interne,4,8,5,0.7442166740977546,8,2,0
2024-09-23,Réanimation,12,24,15,0.6523563758798492,24,8,0
2024-09-23,Maladies_infectieuses,8,24,12,0.5022323263649386,18,8,0
2024-09-23,Urgences,6,12,6,0.5357773227536287,12,5,0
2024-09-23,Médecine_interne,4,8,7,0.9051236417013981,8,0,0
2024-09-24,Réanimation,12,24,18,0.783180416584002,24,5,0
2024-09-24,Maladies_infectieuses,8,24,7,0.32577647158441286,18,12,0
2024-09-24,Urgences,6,12,7,0.6513048984414057,12,4,0
2024-09-24,Médecine_interne,4,8,5,0.6632534915776289,8,2,0
2024-09-25,Réanimation,12,24,15,0.6579641433234196,24,8,0
2024-09-25,Maladies_infectieuses,8,24,14,0.5927789022943608,18,7,0
2024-09-25,Urgences,6,12,8,0.6876257001534495,12,3,0
2024-09-25,Médecine_interne,4,8,5,0.7321842019669542,8,2,0
2024-09-26,Réanimation,12,24,16,0.6940779813982167,24,7,0
2024-09-26,Maladies_infectieuses,8,24,14,0.6236483941529662,18,6,0
2024-09-26,Urgences,6,12,6,0.5006410270465095,12,5,0
2024-09-26,Médecine_interne,4,8,4,0.5136603324492386,8,3,0
2024-09-27,Réanimation,12,24,14,0.6207064834537427,24,9,0
2024-09-27,Maladies_infectieuses,8,24,26,1.0,18,-2,1
2024-09-27,Urgences,6,12,9,0.7725688609783327,12,2,0
2024-09-27,Médecine_interne,4,8,5,0.7125444900657711,8,2,0
2024-09-28,Réanimation,12,24,9,0.406494637555488,24,14,0
2024-09-28,Maladies_infectieuses,8,24,17,0.7429012822612812,18,4,0
2024-09-28,Urgences,6,12,8,0.7070533589519888,12,3,0
2024-09-28,Médecine_interne,4,8,3,0.4562122016986164,8,4,0
2024-09-29,Réanimation,12,24,14,0.588579726685658,24,9,0
2024-09-29,Maladies_infectieuses,8,24,14,0.6114431984483535,18,6,0
2024-09-29,Urgences,6,12,8,0.6779420468545995,12,3,0
2024-09-29,Médecine_interne,4,8,5,0.6783439846720164,8,2,0
2024-09-30,Réanimation,12,24,14,0.6221035017733816,24,9,0
2024-09-30,Maladies_infectieuses,8,24,23,0.9865145476293096,18,0,1
2024-09-30,Urgences,6,12,6,0.5392189442320557,12,5,0
2024-09-30,Médecine_interne,4,8,7,0.9069280198308898,8,0,0
2024-10-01,Réanimation,12,24,13,0.5719015953576869,24,10,0
2024-10-01,Maladies_infectieuses,8,24,20,0.8536092003559504,18,2,0
2024-10-01,Urgences,6,12,6,0.5487916141475779,12,5,0
2024-10-01,Médecine_interne,4,8,6,0.7705632156628273,8,1,0
2024-10-02,Réanimation,12,24,15,0.6258920688282921,24,8,0
2024-10-02,Maladies_infectieuses,8,24,18,0.7633535064585273,18,4,0
2024-10-02,Urgences,6,12,4,0.39574791391978553,12,7,0
2024-10-02,Médecine_interne,4,8,4,0.6038536723094503,8,3,0
2024-10-03,Réanimation,12,24,16,0.6971504810097569,24,7,0
2024-10-03,Maladies_infectieuses,8,24,18,0.7608508316191351,18,4,0
2024-10-03,Urgences,6,12,5,0.4705508426592169,12,6,0
2024-10-03,Médecine_interne,4,8,3,0.4217813930405807,8,4,0
2024-10-04,Réanimation,12,24,12,0.5049999844430345,24,11,0
2024-10-04,Maladies_infectieuses,8,24,15,0.6620701648497881,18,6,0
2024-10-04,Urgences,6,12,10,0.8627578764084805,12,1,0
2024-10-04,Médecine_interne,4,8,6,0.8635582563074797,8,1,0
2024-10-05,Réanimation,12,24,15,0.6560343647287877,24,8,0
2024-10-05,Maladies_infectieuses,8,24,8,0.352541608917276,18,11,0
2024-10-05,Urgences,6,12,7,0.6329677462491214,12,4,0
2024-10-05,Médecine_interne,4,8,5,0.7056171758458328,8,2,0
2024-10-06,Réanimation,12,24,13,0.5783757508768281,24,10,0
2024-10-06,Maladies_infectieuses,8,24,14,0.598911110956534,18,7,0
2024-10-06,Urgences,6,12,8,0.7114733522334585,12,3,0
2024-10-06,Médecine_interne,4,8,4,0.5903695298042009,8,3,0
2024-10-07,Réanimation,12,24,16,0.6685784924500974,24,7,0
2024-10-07,Maladies_infectieuses,8,24,13,0.5632742896816608,18,7,0
2024-10-07,Urgences,6,12,13,1.0,12,-1,1
2024-10-07,Médecine_interne,4,8,5,0.6628475113702206,8,2,0
2024-10-08,Réanimation,12,24,17,0.7221215077868929,24,6,0
2024-10-08,Maladies_infectieuses,8,24,16,0.6847599755055022,18,5,0
2024-10-08,Urgences,6,12,8,0.7456887294052078,12,3,0
2024-10-08,Médecine_interne,4,8,5,0.7252255016961222,8,2,0
2024-10-09,Réanimation,12,24,13,0.5788032091522928,24,10,0
2024-10-09,Maladies_infectieuses,8,24,10,0.4370828095944097,18,10,0
2024-10-09,Urgences,6,12,8,0.7314182294906043,12,3,0
2024-10-09,Médecine_interne,4,8,6,0.7764951818608848,8,1,0
2024-10-10,Réanimation,12,24,19,0.8313703055662856,24,4,0
2024-10-10,Maladies_infectieuses,8,24,15,0.6415407896368227,18,6,0
2024-10-10,Urgences,6,12,8,0.6983565025703481,12,3,0
2024-10-10,Médecine_interne,4,8,3,0.39469776621579156,8,4,0
2024-10-11,Réanimation,12,24,17,0.7271227519394862,24,6,0
2024-10-11,Maladies_infectieuses,8,24,16,0.6970363230681099,18,5,0
2024-10-11,Urgences,6,12,5,0.45231659533287916,12,6,0
2024-10-11,Médecine_interne,4,8,4,0.5929622054301327,8,3,0
2024-10-12,Réanimation,12,24,15,0.6516289578809756,24,8,0
2024-10-12,Maladies_infectieuses,8,24,21,0.8988721767272502,18,1,0
2024-10-12,Urgences,6,12,6,0.5645409602683411,12,5,0
2024-10-12,Médecine_interne,4,8,2,0.36976116467147385,8,5,0
2024-10-13,Réanimation,12,24,12,0.5048425394605512,24,11,0
2024-10-13,Maladies_infectieuses,8,24,18,0.7820395803534484,18,3,0
2024-10-13,Urgences,6,12,8,0.6800174286555065,12,3,0
2024-10-13,Médecine_interne,4,8,6,0.8034979689507564,8,1,0
2024-10-14,Réanimation,12,24,12,0.5136971614023192,24,11,0
2024-10-14,Maladies_infectieuses,8,24,13,0.5809170895404429,18,7,0
2024-10-14,Urgences,6,12,8,0.7335384763183308,12,3,0
2024-10-14,Médecine_interne,4,8,6,0.84312089117874,8,1,0
2024-10-15,Réanimation,12,24,18,0.7509595978514009,24,5,0
2024-10-15,Maladies_infectieuses,8,24,16,0.6675436837938745,18,5,0
2024-10-15,Urgences,6,12,6,0.5583763172484727,12,5,0
2024-10-15,Médecine_interne,4,8,3,0.4985025738380157,8,4,0
2024-10-16,Réanimation,12,24,17,0.738301314843241,24,6,0
2024-10-16,Maladies_infectieuses,8,24,20,0.8476058564520549,18,2,0
2024-10-16,Urgences,6,12,10,0.8860140760749649,12,1,0
2024-10-16,Médecine_interne,4,8,5,0.7165796204227316,8,2,0
2024-10-17,Réanimation,12,24,12,0.5282812151592255,24,11,0
2024-10-17,Maladies_infectieuses,8,24,17,0.7193304957784543,18,5,0
2024-10-17,Urgences,6,12,10,0.879258204524372,12,1,0
2024-10-17,Médecine_interne,4,8,6,0.7619385111755819,8,1,0
2024-10-18,Réanimation,12,24,17,0.7443739710242747,24,6,0
2024-10-18,Maladies_infectieuses,8,24,16,0.6913523851422354,18,5,0
2024-10-18,Urgences,6,12,8,0.6756062918080741,12,3,0
2024-10-18,Médecine_interne,4,8,3,0.4932741525601403,8,4,0
2024-10-19,Réanimation,12,24,18,0.7674273853496261,24,5,0
2024-10-19,Maladies_infectieuses,8,24,7,0.32240462617535,18,12,0
2024-10-19,Urgences,6,12,6,0.5688053637993323,12,5,0
2024-10-19,Médecine_interne,4,8,4,0.6144411632743403,8,3,0
2024-10-20,Réanimation,12,24,10,0.44308415257724826,24,13,0
2024-10-20,Maladies_infectieuses,8,24,14,0.6212148023833162,18,6,0
2024-10-20,Urgences,6,12,8,0.7367227055946123,12,3,0
2024-10-20,Médecine_interne,4,8,4,0.5097332756493548,8,3,0
2024-10-21,Réanimation,12,24,17,0.7190624467845131,24,6,0
2024-10-21,Maladies_infectieuses,8,24,16,0.6726092032419144,18,5,0
2024-10-21,Urgences,6,12,7,0.6086869522000763,12,4,0
2024-10-21,Médecine_interne,4,8,4,0.522006081637596,8,3,0
2024-10-22,Réanimation,12,24,11,0.4983492119273164,24,12,0
2024-10-22,Maladies_infectieuses,8,24,15,0.6636339923777702,18,6,0
2024-10-22,Urgences,6,12,6,0.5619120019098867,12,5,0
2024-10-22,Médecine_interne,4,8,6,0.7964453905681737,8,1,0
2024-10-23,Réanimation,12,24,18,0.7753952721597723,24,5,0
2024-10-23,Maladies_infectieuses,8,24,16,0.6823904180127863,18,5,0
2024-10-23,Urgences,6,12,8,0.7146546607111626,12,3,0
2024-10-23,Médecine_interne,4,8,5,0.6959533439099098,8,2,0
2024-10-24,Réanimation,12,24,15,0.6566697162965041,24,8,0
2024-10-24,Maladies_infectieuses,8,24,12,0.5303643358910838,18,8,0
2024-10-24,Urgences,6,12,9,0.786209968514378,12,2,0
2024-10-24,Médecine_interne,4,8,6,0.8586016171626352,8,1,0
2024-10-25,Réanimation,12,24,19,0.8006938589854471,24,4,0
2024-10-25,Maladies_infectieuses,8,24,21,0.902230688339716,18,1,0
2024-10-25,Urgences,6,12,11,0.9908577327274705,12,0,1
2024-10-25,Médecine_interne,4,8,5,0.6893342733342362,8,2,0
2024-10-26,Réanimation,12,24,16,0.6985776953540231,24,7,0
2024-10-26,Maladies_infectieuses,8,24,15,0.6345776023725052,18,6,0
2024-10-26,Urgences,6,12,12,1.0,12,0,1
2024-10-26,Médecine_interne,4,8,5,0.7070455840338705,8,2,0
2024-10-27,Réanimation,12,24,11,0.4967417147137345,24,12,0
2024-10-27,Maladies_infectieuses,8,24,13,0.5570417867847272,18,7,0
2024-10-27,Urgences,6,12,6,0.5368486024003488,12,5,0
2024-10-27,Médecine_interne,4,8,6,0.7651722467637637,8,1,0
2024-10-28,Réanimation,12,24,21,0.9144616940804539,24,2,0
2024-10-28,Maladies_infectieuses,8,24,19,0.8071101256406834,18,3,0
2024-10-28,Urgences,6,12,9,0.8034297460473536,12,2,0
2024-10-28,Médecine_interne,4,8,6,0.7643488313899645,8,1,0
2024-10-29,Réanimation,12,24,22,0.9435698058297142,24,1,0
2024-10-29,Maladies_infectieuses,8,24,11,0.4804867449575475,18,9,0
2024-10-29,Urgences,6,12,6,0.5578952038368127,12,5,0
2024-10-29,Médecine_interne,4,8,2,0.3495721652911272,8,5,0
2024-10-30,Réanimation,12,24,15,0.6577901607386568,24,8,0
2024-10-30,Maladies_infectieuses,8,24,9,0.4094084372763232,18,10,0
2024-10-30,Urgences,6,12,7,0.6160612221326607,12,4,0
2024-10-30,Médecine_interne,4,8,3,0.49204982422389143,8,4,0
2024-10-31,Réanimation,12,24,9,0.4136825796244077,24,14,0
2024-10-31,Maladies_infectieuses,8,24,18,0.7765752488042424,18,4,0
2024-10-31,Urgences,6,12,12,1.0,12,0,1
2024-10-31,Médecine_interne,4,8,7,0.9189854151198105,8,0,0
2024-11-01,Réanimation,12,24,13,0.5556805858329854,24,10,0
2024-11-01,Maladies_infectieuses,8,24,16,0.7059599740095723,18,5,0
2024-11-01,Urgences,6,12,5,0.4650656667183649,12,6,0
2024-11-01,Médecine_interne,4,8,6,0.8043304183750257,8,1,0
2024-11-02,Réanimation,12,24,20,0.8634838796022654,24,3,0
2024-11-02,Maladies_infectieuses,8,24,14,0.5907296532873583,18,7,0
2024-11-02,Urgences,6,12,7,0.5848171777609547,12,4,0
2024-11-02,Médecine_interne,4,8,7,0.9000653316891972,8,0,0
2024-11-03,Réanimation,12,24,16,0.6859295513001044,24,7,0
2024-11-03,Maladies_infectieuses,8,24,18,0.788964134445717,18,3,0
2024-11-03,Urgences,6,12,12,1.0,12,0,1
2024-11-03,Médecine_interne,4,8,5,0.6768817715657311,8,2,0
2024-11-04,Réanimation,12,24,17,0.7219860211773259,24,6,0
2024-11-04,Maladies_infectieuses,8,24,19,0.8320072902924325,18,3,0
2024-11-04,Urgences,6,12,9,0.8018001508619981,12,2,0
2024-11-04,Médecine_interne,4,8,5,0.632734323104899,8,2,0
2024-11-05,Réanimation,12,24,14,0.606186332490544,24,9,0
2024-11-05,Maladies_infectieuses,8,24,13,0.5647873880698066,18,7,0
2024-11-05,Urgences,6,12,7,0.5913241350259416,12,4,0
2024-11-05,Médecine_interne,4,8,4,0.6204090209890292,8,3,0
2024-11-06,Réanimation,12,24,16,0.6955598495493281,24,7,0
2024-11-06,Maladies_infectieuses,8,24,17,0.7164635296926676,18,5,0
2024-11-06,Urgences,6,12,7,0.6435151840592894,12,4,0
2024-11-06,Médecine_interne,4,8,3,0.44823661877788445,8,4,0
2024-11-07,Réanimation,12,24,19,0.8242731872387332,24,4,0
2024-11-07,Maladies_infectieuses,8,24,16,0.6798062331336542,18,5,0
2024-11-07,Urgences,6,12,11,0.924715949530116,12,0,0
2024-11-07,Médecine_interne,4,8,5,0.7359017963035112,8,2,0
2024-11-08,Réanimation,12,24,15,0.6465496940653809,24,8,0
2024-11-08,Maladies_infectieuses,8,24,13,0.5599912808031067,18,7,0
2024-11-08,Urgences,6,12,7,0.643971173124443,12,4,0
2024-11-08,Médecine_interne,4,8,5,0.6828023239469463,8,2,0
2024-11-09,Réanimation,12,24,18,0.7733298533431585,24,5,0
2024-11-09,Maladies_infectieuses,8,24,10,0.45416805304417895,18,9,0
2024-11-09,Urgences,6,12,5,0.4778279162201555,12,6,0
2024-11-09,Médecine_interne,4,8,6,0.7904771023924283,8,1,0
2024-11-10,Réanimation,12,24,18,0.7757707689702531,24,5,0
2024-11-10,Maladies_infectieuses,8,24,16,0.6885608476613423,18,5,0
2024-11-10,Urgences,6,12,9,0.7501946734419623,12,2,0
2024-11-10,Médecine_interne,4,8,2,0.332891798877232,8,5,0
2024-11-11,Réanimation,12,24,12,0.5006256884999332,24,11,0
2024-11-11,Maladies_infectieuses,8,24,22,0.9242339215210027,18,1,0
2024-11-11,Urgences,6,12,6,0.5156003520515293,12,5,0
2024-11-11,Médecine_interne,4,8,6,0.8722160966687386,8,1,0
2024-11-12,Réanimation,12,24,16,0.6900682435318956,24,7,0
2024-11-12,Maladies_infectieuses,8,24,15,0.6401140288765717,18,6,0
2024-11-12,Urgences,6,12,9,0.7983647634394835,12,2,0
2024-11-12,Médecine_interne,4,8,5,0.7179102539712939,8,2,0
2024-11-13,Réanimation,12,24,17,0.7265353848191644,24,6,0
2024-11-13,Maladies_infectieuses,8,24,23,0.9788709634224408,18,0,1
2024-11-13,Urgences,6,12,9,0.7707678908956104,12,2,0
2024-11-13,Médecine_interne,4,8,4,0.6000341266800969,8,3,0
2024-11-14,Réanimation,12,24,16,0.7008543362773021,24,7,0
2024-11-14,Maladies_infectieuses,8,24,21,0.9009292322185547,18,1,0
2024-11-14,Urgences,6,12,6,0.5543515995971386,12,5,0
2024-11-14,Médecine_interne,4,8,5,0.654439757277134,8,2,0
2024-11-15,Réanimation,12,24,18,0.7775458149475947,24,5,0
2024-11-15,Maladies_infectieuses,8,24,18,0.7807315694910788,18,3,0
2024-11-15,Urgences,6,12,9,0.7642964831524361,12,2,0
2024-11-15,Médecine_interne,4,8,2,0.3738350946854002,8,5,0
2024-11-16,Réanimation,12,24,23,0.9747192575268617,24,0,1
2024-11-16,Maladies_infectieuses,8,24,14,0.5990253903180078,18,7,0
2024-11-16,Urgences,6,12,4,0.36125286086264974,12,7,0
2024-11-16,Médecine_interne,4,8,4,0.584227721208409,8,3,0
2024-11-17,Réanimation,12,24,25,1.0,24,-1,1
2024-11-17,Maladies_infectieuses,8,24,14,0.6164581121547542,18,6,0
2024-11-17,Urgences,6,12,11,0.9640371711592308,12,0,1
2024-11-17,Médecine_interne,4,8,4,0.5524070619050304,8,3,0
2024-11-18,Réanimation,12,24,24,1.0,24,0,1
2024-11-18,Maladies_infectieuses,8,24,11,0.4696672702127386,18,9,0
2024-11-18,Urgences,6,12,7,0.630886287293067,12,4,0
2024-11-18,Médecine_interne,4,8,2,0.29258921169551083,8,5,0
2024-11-19,Réanimation,12,24,13,0.5545356542250797,24,10,0
2024-11-19,Maladies_infectieuses,8,24,11,0.4930011060130738,18,9,0
2024-11-19,Urgences,6,12,6,0.5694849148169816,12,5,0
2024-11-19,Médecine_interne,4,8,4,0.5154159751744217,8,3,0
2024-11-20,Réanimation,12,24,14,0.6231385178487379,24,9,0
2024-11-20,Maladies_infectieuses,8,24,14,0.5851050455574304,18,7,0
2024-11-20,Urgences,6,12,8,0.7328235171209287,12,3,0
2024-11-20,Médecine_interne,4,8,5,0.6994563634402405,8,2,0
2024-11-21,Réanimation,12,24,19,0.802190080019174,24,4,0
2024-11-21,Maladies_infectieuses,8,24,10,0.426601663420893,18,10,0
2024-11-21,Urgences,6,12,8,0.7272721615755586,12,3,0
2024-11-21,Médecine_interne,4,8,5,0.6571542571993858,8,2,0
2024-11-22,Réanimation,12,24,16,0.7070231866437431,24,7,0
2024-11-22,Maladies_infectieuses,8,24,11,0.46058333247433136,18,9,0
2024-11-22,Urgences,6,12,7,0.6210766116201256,12,4,0
2024-11-22,Médecine_interne,4,8,5,0.6522726879253103,8,2,0
2024-11-23,Réanimation,12,24,12,0.5410147712794533,24,11,0
2024-11-23,Maladies_infectieuses,8,24,12,0.5196270997384371,18,8,0
2024-11-23,Urgences,6,12,7,0.6414264696714098,12,4,0
2024-11-23,Médecine_interne,4,8,5,0.631211178891919,8,2,0
2024-11-24,Réanimation,12,24,10,0.44866245103789104,24,13,0
2024-11-24,Maladies_infectieuses,8,24,10,0.45763584707325927,18,9,0
2024-11-24,Urgences,6,12,7,0.6292624472233346,12,4,0
2024-11-24,Médecine_interne,4,8,4,0.5826210865879256,8,3,0
2024-11-25,Réanimation,12,24,20,0.8699480974118653,24,3,0
2024-11-25,Maladies_infectieuses,8,24,15,0.6494066384817926,18,6,0
2024-11-25,Urgences,6,12,8,0.7401343604170845,12,3,0
2024-11-25,Médecine_interne,4,8,3,0.4976646035362834,8,4,0
2024-11-26,Réanimation,12,24,15,0.6372858079354049,24,8,0
2024-11-26,Maladies_infectieuses,8,24,14,0.5921128473607697,18,7,0
2024-11-26,Urgences,6,12,9,0.7970022083016102,12,2,0
2024-11-26,Médecine_interne,4,8,3,0.3924897441167448,8,4,0
2024-11-27,Réanimation,12,24,14,0.5971417501437942,24,9,0
2024-11-27,Maladies_infectieuses,8,24,10,0.44242973448376555,18,10,0
2024-11-27,Urgences,6,12,4,0.3448465532804416,12,7,0
2024-11-27,Médecine_interne,4,8,3,0.4988714209756411,8,4,0
2024-11-28,Réanimation,12,24,14,0.616615984821186,24,9,0
2024-11-28,Maladies_infectieuses,8,24,18,0.7742476598698046,18,4,0
2024-11-28,Urgences,6,12,5,0.4785768764358681,12,6,0
2024-11-28,Médecine_interne,4,8,3,0.44147097245545164,8,4,0
2024-11-29,Réanimation,12,24,15,0.6562066836448752,24,8,0
2024-11-29,Maladies_infectieuses,8,24,12,0.5069630323871129,18,8,0
2024-11-29,Urgences,6,12,9,0.7752992879359133,12,2,0
2024-11-29,Médecine_interne,4,8,3,0.49127116134552173,8,4,0
2024-11-30,Réanimation,12,24,24,1.0,24,0,1
2024-11-30,Maladies_infectieuses,8,24,15,0.6274739733661918,18,6,0
2024-11-30,Urgences,6,12,10,0.8404034793851081,12,1,0
2024-11-30,Médecine_interne,4,8,7,0.901909554666416,8,0,0
2024-12-01,Réanimation,12,24,22,0.9433709860190588,24,1,0
2024-12-01,Maladies_infectieuses,8,24,18,0.7630211212431076,18,4,0
2024-12-01,Urgences,6,12,8,0.725211286285047,12,3,0
2024-12-01,Médecine_interne,4,8,7,0.9011917952570037,8,0,0
2024-12-02,Réanimation,12,24,23,0.9987905510604879,24,0,1
2024-12-02,Maladies_infectieuses,8,24,22,0.9505321017072277,18,0,1
2024-12-02,Urgences,6,12,12,1.0,12,0,1
2024-12-02,Médecine_interne,4,8,6,0.766614291302842,8,1,0
2024-12-03,Réanimation,12,24,24,1.0,24,0,1
2024-12-03,Maladies_infectieuses,8,24,24,1.0,18,0,1
2024-12-03,Urgences,6,12,13,1.0,12,-1,1
2024-12-03,Médecine_interne,4,8,8,1.0,8,0,1
2024-12-04,Réanimation,12,24,17,0.7201178119739943,24,6,0
2024-12-04,Maladies_infectieuses,8,24,24,1.0,18,0,1
2024-12-04,Urgences,6,12,14,1.0,12,-2,1
2024-12-04,Médecine_interne,4,8,5,0.7360596970110195,8,2,0
2024-12-05,Réanimation,12,24,29,1.0,24,-5,1
2024-12-05,Maladies_infectieuses,8,24,19,0.8101536184525359,18,3,0
2024-12-05,Urgences,6,12,12,1.0,12,0,1
2024-12-05,Médecine_interne,4,8,7,0.9240279307558671,8,0,0
2024-12-06,Réanimation,12,24,15,0.6538629386314755,24,8,0
2024-12-06,Maladies_infectieuses,8,24,26,1.0,18,-1,1
2024-12-06,Urgences,6,12,11,0.9201576352236538,12,0,0
2024-12-06,Médecine_interne,4,8,8,1.0,8,0,1
2024-12-07,Réanimation,12,24,20,0.8485963471374695,24,3,0
2024-12-07,Maladies_infectieuses,8,24,21,0.8857654928473807,18,2,0
2024-12-07,Urgences,6,12,5,0.4893722948135225,12,6,0
2024-12-07,Médecine_interne,4,8,6,0.7742608472206749,8,1,0
2024-12-08,Réanimation,12,24,19,0.8311121611817737,24,4,0
2024-12-08,Maladies_infectieuses,8,24,12,0.5250501454922608,18,8,0
2024-12-08,Urgences,6,12,9,0.7598174382609564,12,2,0
2024-12-08,Médecine_interne,4,8,5,0.6818978223926914,8,2,0
2024-12-09,Réanimation,12,24,17,0.7461014641524287,24,6,0
2024-12-09,Maladies_infectieuses,8,24,15,0.6550221180497658,18,6,0
2024-12-09,Urgences,6,12,14,1.0,12,-2,1
2024-12-09,Médecine_interne,4,8,9,1.0,8,-1,1
2024-12-10,Réanimation,12,24,19,0.8285887049557861,24,4,0
2024-12-10,Maladies_infectieuses,8,24,12,0.5020533842961479,18,8,0
2024-12-10,Urgences,6,12,7,0.6452592251613822,12,4,0
2024-12-10,Médecine_interne,4,8,7,0.9901198153755273,8,0,1
2024-12-11,Réanimation,12,24,22,0.9568032355464805,24,1,1
2024-12-11,Maladies_infectieuses,8,24,18,0.7798154507472562,18,3,0
2024-12-11,Urgences,6,12,10,0.8338072118439884,12,1,0
2024-12-11,Médecine_interne,4,8,4,0.5656544398688685,8,3,0
2024-12-12,Réanimation,12,24,9,0.41005496239834,24,14,0
2024-12-12,Maladies_infectieuses,8,24,23,0.9610389944507423,18,0,1
2024-12-12,Urgences,6,12,11,0.9911475837128706,12,0,1
2024-12-12,Médecine_interne,4,8,6,0.8134744752895814,8,1,0
2024-12-13,Réanimation,12,24,22,0.9470368381043635,24,1,0
2024-12-13,Maladies_infectieuses,8,24,16,0.6900396953163597,18,5,0
2024-12-13,Urgences,6,12,10,0.8468306160457263,12,1,0
2024-12-13,Médecine_interne,4,8,5,0.6607460926402262,8,2,0
2024-12-14,Réanimation,12,24,23,0.977184049107719,24,0,1
2024-12-14,Maladies_infectieuses,8,24,28,1.0,18,-3,1
2024-12-14,Urgences,6,12,7,0.650710679916198,12,4,0
2024-12-14,Médecine_interne,4,8,7,0.9055237890501314,8,0,0
2024-12-15,Réanimation,12,24,26,1.0,24,-2,1
2024-12-15,Maladies_infectieuses,8,24,29,1.0,18,-4,1
2024-12-15,Urgences,6,12,10,0.8622813080084042,12,1,0
2024-12-15,Médecine_interne,4,8,7,0.9956616480035634,8,0,1
2024-12-16,Réanimation,12,24,17,0.7285561766310427,24,6,0
2024-12-16,Maladies_infectieuses,8,24,21,0.8922825389566921,18,1,0
2024-12-16,Urgences,6,12,8,0.7372060103630647,12,3,0
2024-12-16,Médecine_interne,4,8,6,0.7794788897565449,8,1,0
2024-12-17,Réanimation,12,24,15,0.6504249601725944,24,8,0
2024-12-17,Maladies_infectieuses,8,24,24,1.0,18,0,1
2024-12-17,Urgences,6,12,12,1.0,12,0,1
2024-12-17,Médecine_interne,4,8,6,0.8625257277009359,8,1,0
2024-12-18,Réanimation,12,24,20,0.8517310100891898,24,3,0
2024-12-18,Maladies_infectieuses,8,24,15,0.6560968143595702,18,6,0
2024-12-18,Urgences,6,12,9,0.7946786003059544,12,2,0
2024-12-18,Médecine_interne,4,8,8,1.0,8,0,1
2024-12-19,Réanimation,12,24,29,1.0,24,-5,1
2024-12-19,Maladies_infectieuses,8,24,14,0.6229343994381186,18,6,0
2024-12-19,Urgences,6,12,7,0.6618748569052008,12,4,0
2024-12-19,Médecine_interne,4,8,7,0.9871696532233847,8,0,1
2024-12-20,Réanimation,12,24,29,1.0,24,-5,1
2024-12-20,Maladies_infectieuses,8,24,15,0.6623696723110915,18,6,0
2024-12-20,Urgences,6,12,11,0.9418977965571759,12,0,0
2024-12-20,Médecine_interne,4,8,4,0.573948629210882,8,3,0
2024-12-21,Réanimation,12,24,19,0.8011022638596902,24,4,0
2024-12-21,Maladies_infectieuses,8,24,19,0.805087629629102,18,3,0
2024-12-21,Urgences,6,12,6,0.512275655488238,12,5,0
2024-12-21,Médecine_interne,4,8,7,0.9692735044957747,8,0,1
2024-12-22,Réanimation,12,24,25,1.0,24,-1,1
2024-12-22,Maladies_infectieuses,8,24,21,0.8955557009686895,18,1,0
2024-12-22,Urgences,6,12,9,0.8060034056426678,12,2,0
2024-12-22,Médecine_interne,4,8,5,0.6923380716874326,8,2,0
2024-12-23,Réanimation,12,24,29,1.0,24,-5,1
2024-12-23,Maladies_infectieuses,8,24,21,0.9103235569856571,18,1,0
2024-12-23,Urgences,6,12,11,0.9859444868923257,12,0,1
2024-12-23,Médecine_interne,4,8,6,0.8651010931872365,8,1,0
2024-12-24,Réanimation,12,24,27,1.0,24,-3,1
2024-12-24,Maladies_infectieuses,8,24,18,0.7565660227704557,18,4,0
2024-12-24,Urgences,6,12,11,0.9174138296386017,12,0,0
2024-12-24,Médecine_interne,4,8,6,0.8220368481755973,8,1,0
2024-12-25,Réanimation,12,24,27,1.0,24,-3,1
2024-12-25,Maladies_infectieuses,8,24,24,1.0,18,0,1
2024-12-25,Urgences,6,12,7,0.6278948197248452,12,4,0
2024-12-25,Médecine_interne,4,8,7,0.9826960851247075,8,0,1
2024-12-26,Réanimation,12,24,13,0.557400355446859,24,10,0
2024-12-26,Maladies_infectieuses,8,24,23,0.9689811102783041,18,0,1
2024-12-26,Urgences,6,12,6,0.5318570248911957,12,5,0
2024-12-26,Médecine_interne,4,8,6,0.8002081479467333,8,1,0
2024-12-27,Réanimation,12,24,33,1.0,24,-9,1
2024-12-27,Maladies_infectieuses,8,24,20,0.8619331729952978,18,2,0
2024-12-27,Urgences,6,12,9,0.7764441357470588,12,2,0
2024-12-27,Médecine_interne,4,8,7,0.9334275895045688,8,0,0
2024-12-28,Réanimation,12,24,18,0.7859135297940596,24,5,0
2024-12-28,Maladies_infectieuses,8,24,17,0.7327415717850908,18,4,0
2024-12-28,Urgences,6,12,10,0.8772171163606177,12,1,0
2024-12-28,Médecine_interne,4,8,8,1.0,8,0,1
2024-12-29,Réanimation,12,24,17,0.7110703380948409,24,6,0
2024-12-29,Maladies_infectieuses,8,24,17,0.7147347393248628,18,5,0
2024-12-29,Urgences,6,12,11,0.9282568741909688,12,0,0
2024-12-29,Médecine_interne,4,8,6,0.7665511594663453,8,1,0
2024-12-30,Réanimation,12,24,29,1.0,24,-5,1
2024-12-30,Maladies_infectieuses,8,24,25,1.0,18,0,1
2024-12-30,Urgences,6,12,9,0.7968164885198447,12,2,0
2024-12-30,Médecine_interne,4,8,6,0.7644128234153067,8,1,0
2024-12-31,Réanimation,12,24,20,0.8337939437479799,24,3,0
2024-12-31,Maladies_infectieuses,8,24,19,0.8094210766437755,18,3,0
2024-12-31,Urgences,6,12,15,1.0,12,-3,1
2024-12-31,Médecine_interne,4,8,10,1.0,8,-2,1
