date,medicament,stock,consommation,livraison
2024-01-01,Paracetamol,11539,461,0
2024-01-01,Amoxicilline,4071,129,0
2024-01-01,Salbutamol,2537,63,0
2024-01-01,SerumPhysio,9645,263,908
2024-01-01,Corticosteroides,1768,32,0
2024-01-02,Paracetamol,12231,476,1168
2024-01-02,Amoxicilline,3937,134,0
2024-01-02,Salbutamol,2739,74,276
2024-01-02,SerumPhysio,9376,269,0
2024-01-02,Corticosteroides,1725,43,0
2024-01-03,Paracetamol,11734,497,0
2024-01-03,Amoxicilline,4204,151,418
2024-01-03,Salbutamol,2644,95,0
2024-01-03,SerumPhysio,9110,266,0
2024-01-03,Corticosteroides,1847,53,175
2024-01-04,Paracetamol,11269,465,0
2024-01-04,Amoxicilline,4071,133,0
2024-01-04,Salbutamol,2555,89,0
2024-01-04,SerumPhysio,9711,276,877
2024-01-04,Corticosteroides,1806,41,0
2024-01-05,Paracetamol,12090,387,1208
2024-01-05,Amoxicilline,3952,119,0
2024-01-05,Salbutamol,2765,51,261
2024-01-05,SerumPhysio,9505,206,0
2024-01-05,Corticosteroides,1782,24,0
2024-01-06,Paracetamol,11615,475,0
2024-01-06,Amoxicilline,4223,162,433
2024-01-06,Salbutamol,2677,88,0
2024-01-06,SerumPhysio,9198,307,0
2024-01-06,Corticosteroides,1909,43,170
2024-01-07,Paracetamol,11200,415,0
2024-01-07,Amoxicilline,4107,116,0
2024-01-07,Salbutamol,2608,69,0
2024-01-07,SerumPhysio,8931,267,0
2024-01-07,Corticosteroides,1863,46,0
2024-01-08,Paracetamol,10782,418,0
2024-01-08,Amoxicilline,3981,126,0
2024-01-08,Salbutamol,2537,71,0
2024-01-08,SerumPhysio,9531,277,877
2024-01-08,Corticosteroides,1830,33,0
2024-01-09,Paracetamol,11545,477,1240
2024-01-09,Amoxicilline,3838,143,0
2024-01-09,Salbutamol,2724,80,267
2024-01-09,SerumPhysio,9241,290,0
2024-01-09,Corticosteroides,1787,43,0
2024-01-10,Paracetamol,11075,470,0
2024-01-10,Amoxicilline,4085,128,375
2024-01-10,Salbutamol,2648,76,0
2024-01-10,SerumPhysio,8954,287,0
2024-01-10,Corticosteroides,1912,38,163
2024-01-11,Paracetamol,10615,460,0
2024-01-11,Amoxicilline,3953,132,0
2024-01-11,Salbutamol,2568,80,0
2024-01-11,SerumPhysio,9635,275,956
2024-01-11,Corticosteroides,1860,52,0
2024-01-12,Paracetamol,11304,454,1143
2024-01-12,Amoxicilline,3800,153,0
2024-01-12,Salbutamol,2776,63,271
2024-01-12,SerumPhysio,9366,269,0
2024-01-12,Corticosteroides,1812,48,0
2024-01-13,Paracetamol,10858,446,0
2024-01-13,Amoxicilline,4070,140,410
2024-01-13,Salbutamol,2697,79,0
2024-01-13,SerumPhysio,9098,268,0
2024-01-13,Corticosteroides,1966,27,181
2024-01-14,Paracetamol,10465,393,0
2024-01-14,Amoxicilline,3920,150,0
2024-01-14,Salbutamol,2619,78,0
2024-01-14,SerumPhysio,8845,253,0
2024-01-14,Corticosteroides,1922,44,0
2024-01-15,Paracetamol,10012,453,0
2024-01-15,Amoxicilline,3776,144,0
2024-01-15,Salbutamol,2552,67,0
2024-01-15,SerumPhysio,9476,259,890
2024-01-15,Corticosteroides,1881,41,0
2024-01-16,Paracetamol,10794,434,1216
2024-01-16,Amoxicilline,3631,145,0
2024-01-16,Salbutamol,2732,82,262
2024-01-16,SerumPhysio,9191,285,0
2024-01-16,Corticosteroides,1846,35,0
2024-01-17,Paracetamol,10375,419,0
2024-01-17,Amoxicilline,3905,134,408
2024-01-17,Salbutamol,2665,67,0
2024-01-17,SerumPhysio,8901,290,0
2024-01-17,Corticosteroides,1973,39,166
2024-01-18,Paracetamol,9948,427,0
2024-01-18,Amoxicilline,3769,136,0
2024-01-18,Salbutamol,2570,95,0
2024-01-18,SerumPhysio,9574,260,933
2024-01-18,Corticosteroides,1921,52,0
2024-01-19,Paracetamol,10743,409,1204
2024-01-19,Amoxicilline,3621,148,0
2024-01-19,Salbutamol,2754,81,265
2024-01-19,SerumPhysio,9319,255,0
2024-01-19,Corticosteroides,1875,46,0
2024-01-20,Paracetamol,10323,420,0
2024-01-20,Amoxicilline,3915,125,419
2024-01-20,Salbutamol,2687,67,0
2024-01-20,SerumPhysio,9065,254,0
2024-01-20,Corticosteroides,2020,29,174
2024-01-21,Paracetamol,9858,465,0
2024-01-21,Amoxicilline,3776,139,0
2024-01-21,Salbutamol,2603,84,0
2024-01-21,SerumPhysio,8813,252,0
2024-01-21,Corticosteroides,1977,43,0
2024-01-22,Paracetamol,9375,483,0
2024-01-22,Amoxicilline,3647,129,0
2024-01-22,Salbutamol,2538,65,0
2024-01-22,SerumPhysio,9401,274,862
2024-01-22,Corticosteroides,1937,40,0
2024-01-23,Paracetamol,10172,454,1251
2024-01-23,Amoxicilline,3529,118,0
2024-01-23,Salbutamol,2712,78,252
2024-01-23,SerumPhysio,9115,286,0
2024-01-23,Corticosteroides,1903,34,0
2024-01-24,Paracetamol,9676,496,0
2024-01-24,Amoxicilline,3845,128,444
2024-01-24,Salbutamol,2638,74,0
2024-01-24,SerumPhysio,8848,267,0
2024-01-24,Corticosteroides,2039,41,177
2024-01-25,Paracetamol,9246,430,0
2024-01-25,Amoxicilline,3726,119,0
2024-01-25,Salbutamol,2555,83,0
2024-01-25,SerumPhysio,9477,255,884
2024-01-25,Corticosteroides,1992,47,0
2024-01-26,Paracetamol,9964,445,1163
2024-01-26,Amoxicilline,3574,152,0
2024-01-26,Salbutamol,2774,85,304
2024-01-26,SerumPhysio,9170,307,0
2024-01-26,Corticosteroides,1943,49,0
2024-01-27,Paracetamol,9551,413,0
2024-01-27,Amoxicilline,3822,141,389
2024-01-27,Salbutamol,2704,70,0
2024-01-27,SerumPhysio,8900,270,0
2024-01-27,Corticosteroides,2077,40,174
2024-01-28,Paracetamol,9150,401,0
2024-01-28,Amoxicilline,3714,108,0
2024-01-28,Salbutamol,2625,79,0
2024-01-28,SerumPhysio,8645,255,0
2024-01-28,Corticosteroides,2039,38,0
2024-01-29,Paracetamol,8678,472,0
2024-01-29,Amoxicilline,3583,131,0
2024-01-29,Salbutamol,2521,104,0
2024-01-29,SerumPhysio,9250,295,900
2024-01-29,Corticosteroides,2000,39,0
2024-01-30,Paracetamol,9367,454,1143
2024-01-30,Amoxicilline,3445,138,0
2024-01-30,Salbutamol,2706,78,263
2024-01-30,SerumPhysio,9015,235,0
2024-01-30,Corticosteroides,1963,37,0
2024-01-31,Paracetamol,8866,501,0
2024-01-31,Amoxicilline,3732,149,436
2024-01-31,Salbutamol,2623,83,0
2024-01-31,SerumPhysio,8691,324,0
2024-01-31,Corticosteroides,2104,41,182
2024-02-01,Paracetamol,8405,461,0
2024-02-01,Amoxicilline,3601,131,0
2024-02-01,Salbutamol,2549,74,0
2024-02-01,SerumPhysio,9311,269,889
2024-02-01,Corticosteroides,2072,32,0
2024-02-02,Paracetamol,9084,453,1132
2024-02-02,Amoxicilline,3462,139,0
2024-02-02,Salbutamol,2734,87,272
2024-02-02,SerumPhysio,9053,258,0
2024-02-02,Corticosteroides,2020,52,0
2024-02-03,Paracetamol,8605,479,0
2024-02-03,Amoxicilline,3733,128,399
2024-02-03,Salbutamol,2651,83,0
2024-02-03,SerumPhysio,8768,285,0
2024-02-03,Corticosteroides,2143,47,170
2024-02-04,Paracetamol,8095,510,0
2024-02-04,Amoxicilline,3603,130,0
2024-02-04,Salbutamol,2572,79,0
2024-02-04,SerumPhysio,8499,269,0
2024-02-04,Corticosteroides,2100,43,0
2024-02-05,Paracetamol,7594,501,0
2024-02-05,Amoxicilline,3457,146,0
2024-02-05,Salbutamol,2482,90,0
2024-02-05,SerumPhysio,9060,285,846
2024-02-05,Corticosteroides,2052,48,0
2024-02-06,Paracetamol,8360,452,1218
2024-02-06,Amoxicilline,3303,154,0
2024-02-06,Salbutamol,2658,76,252
2024-02-06,SerumPhysio,8785,275,0
2024-02-06,Corticosteroides,2004,48,0
2024-02-07,Paracetamol,7952,408,0
2024-02-07,Amoxicilline,3605,116,418
2024-02-07,Salbutamol,2585,73,0
2024-02-07,SerumPhysio,8536,249,0
2024-02-07,Corticosteroides,2138,46,180
2024-02-08,Paracetamol,7503,449,0
2024-02-08,Amoxicilline,3467,138,0
2024-02-08,Salbutamol,2523,62,0
2024-02-08,SerumPhysio,9203,256,923
2024-02-08,Corticosteroides,2088,50,0
2024-02-09,Paracetamol,8171,519,1187
2024-02-09,Amoxicilline,3312,155,0
2024-02-09,Salbutamol,2691,91,259
2024-02-09,SerumPhysio,8901,302,0
2024-02-09,Corticosteroides,2037,51,0
2024-02-10,Paracetamol,7710,461,0
2024-02-10,Amoxicilline,3631,152,471
2024-02-10,Salbutamol,2604,87,0
2024-02-10,SerumPhysio,8637,264,0
2024-02-10,Corticosteroides,2192,41,196
2024-02-11,Paracetamol,7219,491,0
2024-02-11,Amoxicilline,3491,140,0
2024-02-11,Salbutamol,2514,90,0
2024-02-11,SerumPhysio,8331,306,0
2024-02-11,Corticosteroides,2143,49,0
2024-02-12,Paracetamol,6774,445,0
2024-02-12,Amoxicilline,3343,148,0
2024-02-12,Salbutamol,2427,87,0
2024-02-12,SerumPhysio,8936,251,856
2024-02-12,Corticosteroides,2105,38,0
2024-02-13,Paracetamol,7550,427,1203
2024-02-13,Amoxicilline,3196,147,0
2024-02-13,Salbutamol,2596,78,247
2024-02-13,SerumPhysio,8658,278,0
2024-02-13,Corticosteroides,2057,48,0
2024-02-14,Paracetamol,7136,414,0
2024-02-14,Amoxicilline,3494,136,434
2024-02-14,Salbutamol,2538,58,0
2024-02-14,SerumPhysio,8422,236,0
2024-02-14,Corticosteroides,2213,32,188
2024-02-15,Paracetamol,6680,456,0
2024-02-15,Amoxicilline,3367,127,0
2024-02-15,Salbutamol,2468,70,0
2024-02-15,SerumPhysio,9048,274,900
2024-02-15,Corticosteroides,2181,32,0
2024-02-16,Paracetamol,7418,441,1179
2024-02-16,Amoxicilline,3247,120,0
2024-02-16,Salbutamol,2656,62,250
2024-02-16,SerumPhysio,8797,251,0
2024-02-16,Corticosteroides,2139,42,0
2024-02-17,Paracetamol,6955,463,0
2024-02-17,Amoxicilline,3571,111,435
2024-02-17,Salbutamol,2574,82,0
2024-02-17,SerumPhysio,8517,280,0
2024-02-17,Corticosteroides,2298,49,208
2024-02-18,Paracetamol,6524,431,0
2024-02-18,Amoxicilline,3439,132,0
2024-02-18,Salbutamol,2494,80,0
2024-02-18,SerumPhysio,8259,258,0
2024-02-18,Corticosteroides,2261,37,0
2024-02-19,Paracetamol,6079,445,0
2024-02-19,Amoxicilline,3318,121,0
2024-02-19,Salbutamol,2427,67,0
2024-02-19,SerumPhysio,8896,252,889
2024-02-19,Corticosteroides,2210,51,0
2024-02-20,Paracetamol,6847,443,1211
2024-02-20,Amoxicilline,3165,153,0
2024-02-20,Salbutamol,2624,66,263
2024-02-20,SerumPhysio,8628,268,0
2024-02-20,Corticosteroides,2183,27,0
2024-02-21,Paracetamol,6386,461,0
2024-02-21,Amoxicilline,3481,121,437
2024-02-21,Salbutamol,2539,85,0
2024-02-21,SerumPhysio,8380,248,0
2024-02-21,Corticosteroides,2323,44,184
2024-02-22,Paracetamol,5912,474,0
2024-02-22,Amoxicilline,3350,131,0
2024-02-22,Salbutamol,2472,67,0
2024-02-22,SerumPhysio,8949,277,846
2024-02-22,Corticosteroides,2269,54,0
2024-02-23,Paracetamol,6745,432,1265
2024-02-23,Amoxicilline,3217,133,0
2024-02-23,Salbutamol,2642,88,258
2024-02-23,SerumPhysio,8672,277,0
2024-02-23,Corticosteroides,2223,46,0
2024-02-24,Paracetamol,6362,383,0
2024-02-24,Amoxicilline,3530,109,422
2024-02-24,Salbutamol,2562,80,0
2024-02-24,SerumPhysio,8421,251,0
2024-02-24,Corticosteroides,2358,30,165
2024-02-25,Paracetamol,5892,470,0
2024-02-25,Amoxicilline,3385,145,0
2024-02-25,Salbutamol,2491,71,0
2024-02-25,SerumPhysio,8173,248,0
2024-02-25,Corticosteroides,2304,54,0
2024-02-26,Paracetamol,5507,385,0
2024-02-26,Amoxicilline,3234,151,0
2024-02-26,Salbutamol,2419,72,0
2024-02-26,SerumPhysio,8782,264,873
2024-02-26,Corticosteroides,2258,46,0
2024-02-27,Paracetamol,6256,439,1188
2024-02-27,Amoxicilline,3105,129,0
2024-02-27,Salbutamol,2636,69,286
2024-02-27,SerumPhysio,8565,217,0
2024-02-27,Corticosteroides,2218,40,0
2024-02-28,Paracetamol,5801,455,0
2024-02-28,Amoxicilline,3389,125,409
2024-02-28,Salbutamol,2568,68,0
2024-02-28,SerumPhysio,8267,298,0
2024-02-28,Corticosteroides,2348,39,169
2024-02-29,Paracetamol,5351,450,0
2024-02-29,Amoxicilline,3258,131,0
2024-02-29,Salbutamol,2478,90,0
2024-02-29,SerumPhysio,8911,258,902
2024-02-29,Corticosteroides,2318,30,0
2024-03-01,Paracetamol,6313,259,1221
2024-03-01,Amoxicilline,3177,81,0
2024-03-01,Salbutamol,2693,41,256
2024-03-01,SerumPhysio,8751,160,0
2024-03-01,Corticosteroides,2295,23,0
2024-03-02,Paracetamol,6051,262,0
2024-03-02,Amoxicilline,3516,81,420
2024-03-02,Salbutamol,2657,36,0
2024-03-02,SerumPhysio,8578,173,0
2024-03-02,Corticosteroides,2467,20,192
2024-03-03,Paracetamol,5833,218,0
2024-03-03,Amoxicilline,3429,87,0
2024-03-03,Salbutamol,2619,38,0
2024-03-03,SerumPhysio,8412,166,0
2024-03-03,Corticosteroides,2440,27,0
2024-03-04,Paracetamol,5595,238,0
2024-03-04,Amoxicilline,3332,97,0
2024-03-04,Salbutamol,2577,42,0
2024-03-04,SerumPhysio,9119,176,883
2024-03-04,Corticosteroides,2420,20,0
2024-03-05,Paracetamol,6600,237,1242
2024-03-05,Amoxicilline,3238,94,0
2024-03-05,Salbutamol,2793,41,257
2024-03-05,SerumPhysio,8933,186,0
2024-03-05,Corticosteroides,2390,30,0
2024-03-06,Paracetamol,6349,251,0
2024-03-06,Amoxicilline,3560,82,404
2024-03-06,Salbutamol,2748,45,0
2024-03-06,SerumPhysio,8774,159,0
2024-03-06,Corticosteroides,2567,24,201
2024-03-07,Paracetamol,6073,276,0
2024-03-07,Amoxicilline,3485,75,0
2024-03-07,Salbutamol,2685,63,0
2024-03-07,SerumPhysio,9505,175,906
2024-03-07,Corticosteroides,2540,27,0
2024-03-08,Paracetamol,7079,233,1239
2024-03-08,Amoxicilline,3412,73,0
2024-03-08,Salbutamol,2886,55,256
2024-03-08,SerumPhysio,9300,205,0
2024-03-08,Corticosteroides,2515,25,0
2024-03-09,Paracetamol,6830,249,0
2024-03-09,Amoxicilline,3747,95,430
2024-03-09,Salbutamol,2848,38,0
2024-03-09,SerumPhysio,9149,151,0
2024-03-09,Corticosteroides,2673,34,192
2024-03-10,Paracetamol,6604,226,0
2024-03-10,Amoxicilline,3669,78,0
2024-03-10,Salbutamol,2805,43,0
2024-03-10,SerumPhysio,8967,182,0
2024-03-10,Corticosteroides,2648,25,0
2024-03-11,Paracetamol,6381,223,0
2024-03-11,Amoxicilline,3598,71,0
2024-03-11,Salbutamol,2765,40,0
2024-03-11,SerumPhysio,9718,136,887
2024-03-11,Corticosteroides,2630,18,0
2024-03-12,Paracetamol,7293,246,1158
2024-03-12,Amoxicilline,3515,83,0
2024-03-12,Salbutamol,2986,48,269
2024-03-12,SerumPhysio,9553,165,0
2024-03-12,Corticosteroides,2613,17,0
2024-03-13,Paracetamol,7062,231,0
2024-03-13,Amoxicilline,3830,80,395
2024-03-13,Salbutamol,2946,40,0
2024-03-13,SerumPhysio,9376,177,0
2024-03-13,Corticosteroides,2764,22,173
2024-03-14,Paracetamol,6825,237,0
2024-03-14,Amoxicilline,3731,99,0
2024-03-14,Salbutamol,2905,41,0
2024-03-14,SerumPhysio,10115,150,889
2024-03-14,Corticosteroides,2740,24,0
2024-03-15,Paracetamol,7877,210,1262
2024-03-15,Amoxicilline,3639,92,0
2024-03-15,Salbutamol,3136,40,271
2024-03-15,SerumPhysio,9927,188,0
2024-03-15,Corticosteroides,2707,33,0
2024-03-16,Paracetamol,7624,253,0
2024-03-16,Amoxicilline,3954,85,400
2024-03-16,Salbutamol,3090,46,0
2024-03-16,SerumPhysio,9748,179,0
2024-03-16,Corticosteroides,2849,29,171
2024-03-17,Paracetamol,7361,263,0
2024-03-17,Amoxicilline,3889,65,0
2024-03-17,Salbutamol,3039,51,0
2024-03-17,SerumPhysio,9588,160,0
2024-03-17,Corticosteroides,2822,27,0
2024-03-18,Paracetamol,7105,256,0
2024-03-18,Amoxicilline,3827,62,0
2024-03-18,Salbutamol,3005,34,0
2024-03-18,SerumPhysio,10338,166,916
2024-03-18,Corticosteroides,2798,24,0
2024-03-19,Paracetamol,7992,250,1137
2024-03-19,Amoxicilline,3741,86,0
2024-03-19,Salbutamol,3198,51,244
2024-03-19,SerumPhysio,10176,162,0
2024-03-19,Corticosteroides,2772,26,0
2024-03-20,Paracetamol,7754,238,0
2024-03-20,Amoxicilline,4114,87,460
2024-03-20,Salbutamol,3159,39,0
2024-03-20,SerumPhysio,10014,162,0
2024-03-20,Corticosteroides,2945,22,195
2024-03-21,Paracetamol,7539,215,0
2024-03-21,Amoxicilline,4034,80,0
2024-03-21,Salbutamol,3113,46,0
2024-03-21,SerumPhysio,10752,159,897
2024-03-21,Corticosteroides,2920,25,0
2024-03-22,Paracetamol,8549,211,1221
2024-03-22,Amoxicilline,3969,65,0
2024-03-22,Salbutamol,3328,39,254
2024-03-22,SerumPhysio,10588,164,0
2024-03-22,Corticosteroides,2897,23,0
2024-03-23,Paracetamol,8321,228,0
2024-03-23,Amoxicilline,4298,86,415
2024-03-23,Salbutamol,3289,39,0
2024-03-23,SerumPhysio,10414,174,0
2024-03-23,Corticosteroides,3046,35,184
2024-03-24,Paracetamol,8045,276,0
2024-03-24,Amoxicilline,4219,79,0
2024-03-24,Salbutamol,3247,42,0
2024-03-24,SerumPhysio,10244,170,0
2024-03-24,Corticosteroides,3018,28,0
2024-03-25,Paracetamol,7789,256,0
2024-03-25,Amoxicilline,4120,99,0
2024-03-25,Salbutamol,3208,39,0
2024-03-25,SerumPhysio,11040,166,962
2024-03-25,Corticosteroides,2993,25,0
2024-03-26,Paracetamol,8817,231,1259
2024-03-26,Amoxicilline,4060,60,0
2024-03-26,Salbutamol,3411,30,233
2024-03-26,SerumPhysio,10868,172,0
2024-03-26,Corticosteroides,2964,29,0
2024-03-27,Paracetamol,8547,270,0
2024-03-27,Amoxicilline,4416,88,444
2024-03-27,Salbutamol,3365,46,0
2024-03-27,SerumPhysio,10687,181,0
2024-03-27,Corticosteroides,3140,24,200
2024-03-28,Paracetamol,8293,254,0
2024-03-28,Amoxicilline,4342,74,0
2024-03-28,Salbutamol,3323,42,0
2024-03-28,SerumPhysio,11394,175,882
2024-03-28,Corticosteroides,3109,31,0
2024-03-29,Paracetamol,9309,228,1244
2024-03-29,Amoxicilline,4259,83,0
2024-03-29,Salbutamol,3531,54,262
2024-03-29,SerumPhysio,11222,172,0
2024-03-29,Corticosteroides,3080,29,0
2024-03-30,Paracetamol,9052,257,0
2024-03-30,Amoxicilline,4621,67,429
2024-03-30,Salbutamol,3495,36,0
2024-03-30,SerumPhysio,11054,168,0
2024-03-30,Corticosteroides,3245,24,189
2024-03-31,Paracetamol,8814,238,0
2024-03-31,Amoxicilline,4557,64,0
2024-03-31,Salbutamol,3456,39,0
2024-03-31,SerumPhysio,10898,156,0
2024-03-31,Corticosteroides,3216,29,0
2024-04-01,Paracetamol,8587,227,0
2024-04-01,Amoxicilline,4493,64,0
2024-04-01,Salbutamol,3416,40,0
2024-04-01,SerumPhysio,11645,155,902
2024-04-01,Corticosteroides,3193,23,0
2024-04-02,Paracetamol,9566,242,1221
2024-04-02,Amoxicilline,4418,75,0
2024-04-02,Salbutamol,3674,37,295
2024-04-02,SerumPhysio,11476,169,0
2024-04-02,Corticosteroides,3162,31,0
2024-04-03,Paracetamol,9317,249,0
2024-04-03,Amoxicilline,4756,93,431
2024-04-03,Salbutamol,3631,43,0
2024-04-03,SerumPhysio,11296,180,0
2024-04-03,Corticosteroides,3298,30,166
2024-04-04,Paracetamol,9096,221,0
2024-04-04,Amoxicilline,4673,83,0
2024-04-04,Salbutamol,3598,33,0
2024-04-04,SerumPhysio,12036,168,908
2024-04-04,Corticosteroides,3278,20,0
2024-04-05,Paracetamol,10054,246,1204
2024-04-05,Amoxicilline,4598,75,0
2024-04-05,Salbutamol,3809,44,255
2024-04-05,SerumPhysio,11901,135,0
2024-04-05,Corticosteroides,3256,22,0
2024-04-06,Paracetamol,9795,259,0
2024-04-06,Amoxicilline,4961,88,451
2024-04-06,Salbutamol,3769,40,0
2024-04-06,SerumPhysio,11723,178,0
2024-04-06,Corticosteroides,3422,24,190
2024-04-07,Paracetamol,9532,263,0
2024-04-07,Amoxicilline,4872,89,0
2024-04-07,Salbutamol,3725,44,0
2024-04-07,SerumPhysio,11539,184,0
2024-04-07,Corticosteroides,3400,22,0
2024-04-08,Paracetamol,9303,229,0
2024-04-08,Amoxicilline,4790,82,0
2024-04-08,Salbutamol,3684,41,0
2024-04-08,SerumPhysio,12271,179,911
2024-04-08,Corticosteroides,3379,21,0
2024-04-09,Paracetamol,10217,252,1166
2024-04-09,Amoxicilline,4715,75,0
2024-04-09,Salbutamol,3907,45,268
2024-04-09,SerumPhysio,12096,175,0
2024-04-09,Corticosteroides,3366,13,0
2024-04-10,Paracetamol,9970,247,0
2024-04-10,Amoxicilline,5072,79,436
2024-04-10,Salbutamol,3865,42,0
2024-04-10,SerumPhysio,11933,163,0
2024-04-10,Corticosteroides,3515,24,173
2024-04-11,Paracetamol,9759,211,0
2024-04-11,Amoxicilline,4999,73,0
2024-04-11,Salbutamol,3824,41,0
2024-04-11,SerumPhysio,12646,172,885
2024-04-11,Corticosteroides,3493,22,0
2024-04-12,Paracetamol,10769,252,1262
2024-04-12,Amoxicilline,4923,76,0
2024-04-12,Salbutamol,4048,46,270
2024-04-12,SerumPhysio,12476,170,0
2024-04-12,Corticosteroides,3466,27,0
2024-04-13,Paracetamol,10520,249,0
2024-04-13,Amoxicilline,5281,73,431
2024-04-13,Salbutamol,4005,43,0
2024-04-13,SerumPhysio,12328,148,0
2024-04-13,Corticosteroides,3611,25,170
2024-04-14,Paracetamol,10292,228,0
2024-04-14,Amoxicilline,5206,75,0
2024-04-14,Salbutamol,3975,30,0
2024-04-14,SerumPhysio,12141,187,0
2024-04-14,Corticosteroides,3578,33,0
2024-04-15,Paracetamol,10047,245,0
2024-04-15,Amoxicilline,5128,78,0
2024-04-15,Salbutamol,3941,34,0
2024-04-15,SerumPhysio,12831,190,880
2024-04-15,Corticosteroides,3556,22,0
2024-04-16,Paracetamol,10977,277,1207
2024-04-16,Amoxicilline,5069,59,0
2024-04-16,Salbutamol,4181,32,272
2024-04-16,SerumPhysio,12643,188,0
2024-04-16,Corticosteroides,3533,23,0
2024-04-17,Paracetamol,10735,242,0
2024-04-17,Amoxicilline,5416,80,427
2024-04-17,Salbutamol,4137,44,0
2024-04-17,SerumPhysio,12475,168,0
2024-04-17,Corticosteroides,3684,28,179
2024-04-18,Paracetamol,10493,242,0
2024-04-18,Amoxicilline,5337,79,0
2024-04-18,Salbutamol,4101,36,0
2024-04-18,SerumPhysio,13235,165,925
2024-04-18,Corticosteroides,3661,23,0
2024-04-19,Paracetamol,11455,259,1221
2024-04-19,Amoxicilline,5261,76,0
2024-04-19,Salbutamol,4297,40,236
2024-04-19,SerumPhysio,13076,159,0
2024-04-19,Corticosteroides,3639,22,0
2024-04-20,Paracetamol,11207,248,0
2024-04-20,Amoxicilline,5615,72,426
2024-04-20,Salbutamol,4258,39,0
2024-04-20,SerumPhysio,12911,165,0
2024-04-20,Corticosteroides,3786,28,175
2024-04-21,Paracetamol,10950,257,0
2024-04-21,Amoxicilline,5519,96,0
2024-04-21,Salbutamol,4217,41,0
2024-04-21,SerumPhysio,12717,194,0
2024-04-21,Corticosteroides,3770,16,0
2024-04-22,Paracetamol,10718,232,0
2024-04-22,Amoxicilline,5429,90,0
2024-04-22,Salbutamol,4174,43,0
2024-04-22,SerumPhysio,13454,159,896
2024-04-22,Corticosteroides,3747,23,0
2024-04-23,Paracetamol,11697,248,1227
2024-04-23,Amoxicilline,5373,56,0
2024-04-23,Salbutamol,4351,53,230
2024-04-23,SerumPhysio,13289,165,0
2024-04-23,Corticosteroides,3723,24,0
2024-04-24,Paracetamol,11438,259,0
2024-04-24,Amoxicilline,5713,96,436
2024-04-24,Salbutamol,4304,47,0
2024-04-24,SerumPhysio,13113,176,0
2024-04-24,Corticosteroides,3873,18,168
2024-04-25,Paracetamol,11206,232,0
2024-04-25,Amoxicilline,5648,65,0
2024-04-25,Salbutamol,4259,45,0
2024-04-25,SerumPhysio,13824,152,863
2024-04-25,Corticosteroides,3852,21,0
2024-04-26,Paracetamol,12170,239,1203
2024-04-26,Amoxicilline,5573,75,0
2024-04-26,Salbutamol,4497,44,282
2024-04-26,SerumPhysio,13668,156,0
2024-04-26,Corticosteroides,3829,23,0
2024-04-27,Paracetamol,11930,240,0
2024-04-27,Amoxicilline,5920,68,415
2024-04-27,Salbutamol,4454,43,0
2024-04-27,SerumPhysio,13510,158,0
2024-04-27,Corticosteroides,3974,31,176
2024-04-28,Paracetamol,11688,242,0
2024-04-28,Amoxicilline,5843,77,0
2024-04-28,Salbutamol,4417,37,0
2024-04-28,SerumPhysio,13348,162,0
2024-04-28,Corticosteroides,3955,19,0
2024-04-29,Paracetamol,11449,239,0
2024-04-29,Amoxicilline,5759,84,0
2024-04-29,Salbutamol,4375,42,0
2024-04-29,SerumPhysio,14138,157,947
2024-04-29,Corticosteroides,3930,25,0
2024-04-30,Paracetamol,12352,273,1176
2024-04-30,Amoxicilline,5702,57,0
2024-04-30,Salbutamol,4580,41,246
2024-04-30,SerumPhysio,13971,167,0
2024-04-30,Corticosteroides,3905,25,0
2024-05-01,Paracetamol,12128,224,0
2024-05-01,Amoxicilline,6051,67,416
2024-05-01,Salbutamol,4549,31,0
2024-05-01,SerumPhysio,13799,172,0
2024-05-01,Corticosteroides,4072,13,180
2024-05-02,Paracetamol,11890,238,0
2024-05-02,Amoxicilline,5981,70,0
2024-05-02,Salbutamol,4497,52,0
2024-05-02,SerumPhysio,14503,170,874
2024-05-02,Corticosteroides,4047,25,0
2024-05-03,Paracetamol,12824,274,1208
2024-05-03,Amoxicilline,5912,69,0
2024-05-03,Salbutamol,4733,35,271
2024-05-03,SerumPhysio,14322,181,0
2024-05-03,Corticosteroides,4021,26,0
2024-05-04,Paracetamol,12589,235,0
2024-05-04,Amoxicilline,6263,78,429
2024-05-04,Salbutamol,4705,28,0
2024-05-04,SerumPhysio,14165,157,0
2024-05-04,Corticosteroides,4158,27,164
2024-05-05,Paracetamol,12357,232,0
2024-05-05,Amoxicilline,6195,68,0
2024-05-05,Salbutamol,4663,42,0
2024-05-05,SerumPhysio,13996,169,0
2024-05-05,Corticosteroides,4137,21,0
2024-05-06,Paracetamol,12076,281,0
2024-05-06,Amoxicilline,6127,68,0
2024-05-06,Salbutamol,4626,37,0
2024-05-06,SerumPhysio,14680,186,870
2024-05-06,Corticosteroides,4110,27,0
2024-05-07,Paracetamol,13038,249,1211
2024-05-07,Amoxicilline,6042,85,0
2024-05-07,Salbutamol,4871,48,293
2024-05-07,SerumPhysio,14485,195,0
2024-05-07,Corticosteroides,4089,21,0
2024-05-08,Paracetamol,12796,242,0
2024-05-08,Amoxicilline,6382,71,411
2024-05-08,Salbutamol,4837,34,0
2024-05-08,SerumPhysio,14335,150,0
2024-05-08,Corticosteroides,4262,15,188
2024-05-09,Paracetamol,12551,245,0
2024-05-09,Amoxicilline,6305,77,0
2024-05-09,Salbutamol,4782,55,0
2024-05-09,SerumPhysio,15044,183,892
2024-05-09,Corticosteroides,4236,26,0
2024-05-10,Paracetamol,13560,245,1254
2024-05-10,Amoxicilline,6224,81,0
2024-05-10,Salbutamol,4975,41,234
2024-05-10,SerumPhysio,14846,198,0
2024-05-10,Corticosteroides,4210,26,0
2024-05-11,Paracetamol,13329,231,0
2024-05-11,Amoxicilline,6568,85,429
2024-05-11,Salbutamol,4930,45,0
2024-05-11,SerumPhysio,14650,196,0
2024-05-11,Corticosteroides,4360,23,173
2024-05-12,Paracetamol,13091,238,0
2024-05-12,Amoxicilline,6507,61,0
2024-05-12,Salbutamol,4884,46,0
2024-05-12,SerumPhysio,14495,155,0
2024-05-12,Corticosteroides,4343,17,0
2024-05-13,Paracetamol,12859,232,0
2024-05-13,Amoxicilline,6422,85,0
2024-05-13,Salbutamol,4842,42,0
2024-05-13,SerumPhysio,15177,185,867
2024-05-13,Corticosteroides,4314,29,0
2024-05-14,Paracetamol,13822,270,1233
2024-05-14,Amoxicilline,6360,62,0
2024-05-14,Salbutamol,5060,48,266
2024-05-14,SerumPhysio,15007,170,0
2024-05-14,Corticosteroides,4291,23,0
2024-05-15,Paracetamol,13578,244,0
2024-05-15,Amoxicilline,6701,76,417
2024-05-15,Salbutamol,5025,35,0
2024-05-15,SerumPhysio,14855,152,0
2024-05-15,Corticosteroides,4455,27,191
2024-05-16,Paracetamol,13323,255,0
2024-05-16,Amoxicilline,6614,87,0
2024-05-16,Salbutamol,4982,43,0
2024-05-16,SerumPhysio,15561,188,894
2024-05-16,Corticosteroides,4429,26,0
2024-05-17,Paracetamol,14260,249,1186
2024-05-17,Amoxicilline,6515,99,0
2024-05-17,Salbutamol,5180,49,247
2024-05-17,SerumPhysio,15384,177,0
2024-05-17,Corticosteroides,4401,28,0
2024-05-18,Paracetamol,14018,242,0
2024-05-18,Amoxicilline,6859,77,421
2024-05-18,Salbutamol,5140,40,0
2024-05-18,SerumPhysio,15235,149,0
2024-05-18,Corticosteroides,4566,19,184
2024-05-19,Paracetamol,13774,244,0
2024-05-19,Amoxicilline,6787,72,0
2024-05-19,Salbutamol,5102,38,0
2024-05-19,SerumPhysio,15084,151,0
2024-05-19,Corticosteroides,4548,18,0
2024-05-20,Paracetamol,13496,278,0
2024-05-20,Amoxicilline,6713,74,0
2024-05-20,Salbutamol,5058,44,0
2024-05-20,SerumPhysio,15868,166,950
2024-05-20,Corticosteroides,4525,23,0
2024-05-21,Paracetamol,14458,252,1214
2024-05-21,Amoxicilline,6636,77,0
2024-05-21,Salbutamol,5273,46,261
2024-05-21,SerumPhysio,15699,169,0
2024-05-21,Corticosteroides,4500,25,0
2024-05-22,Paracetamol,14247,211,0
2024-05-22,Amoxicilline,6964,78,406
2024-05-22,Salbutamol,5229,44,0
2024-05-22,SerumPhysio,15559,140,0
2024-05-22,Corticosteroides,4645,23,168
2024-05-23,Paracetamol,14026,221,0
2024-05-23,Amoxicilline,6871,93,0
2024-05-23,Salbutamol,5183,46,0
2024-05-23,SerumPhysio,16326,155,922
2024-05-23,Corticosteroides,4623,22,0
2024-05-24,Paracetamol,14976,229,1179
2024-05-24,Amoxicilline,6797,74,0
2024-05-24,Salbutamol,5383,36,236
2024-05-24,SerumPhysio,16182,144,0
2024-05-24,Corticosteroides,4604,19,0
2024-05-25,Paracetamol,14713,263,0
2024-05-25,Amoxicilline,7131,83,417
2024-05-25,Salbutamol,5338,45,0
2024-05-25,SerumPhysio,15996,186,0
2024-05-25,Corticosteroides,4759,30,185
2024-05-26,Paracetamol,14462,251,0
2024-05-26,Amoxicilline,7059,72,0
2024-05-26,Salbutamol,5296,42,0
2024-05-26,SerumPhysio,15837,159,0
2024-05-26,Corticosteroides,4717,42,0
2024-05-27,Paracetamol,14154,308,0
2024-05-27,Amoxicilline,6987,72,0
2024-05-27,Salbutamol,5265,31,0
2024-05-27,SerumPhysio,16509,181,853
2024-05-27,Corticosteroides,4704,13,0
2024-05-28,Paracetamol,15115,216,1177
2024-05-28,Amoxicilline,6894,93,0
2024-05-28,Salbutamol,5493,38,266
2024-05-28,SerumPhysio,16341,168,0
2024-05-28,Corticosteroides,4685,19,0
2024-05-29,Paracetamol,14862,253,0
2024-05-29,Amoxicilline,7252,69,427
2024-05-29,Salbutamol,5453,40,0
2024-05-29,SerumPhysio,16185,156,0
2024-05-29,Corticosteroides,4846,37,198
2024-05-30,Paracetamol,14606,256,0
2024-05-30,Amoxicilline,7175,77,0
2024-05-30,Salbutamol,5412,41,0
2024-05-30,SerumPhysio,16883,172,870
2024-05-30,Corticosteroides,4823,23,0
2024-05-31,Paracetamol,15672,186,1252
2024-05-31,Amoxicilline,7092,83,0
2024-05-31,Salbutamol,5613,36,237
2024-05-31,SerumPhysio,16723,160,0
2024-05-31,Corticosteroides,4801,22,0
2024-06-01,Paracetamol,15415,257,0
2024-06-01,Amoxicilline,7417,89,414
2024-06-01,Salbutamol,5583,30,0
2024-06-01,SerumPhysio,16560,163,0
2024-06-01,Corticosteroides,4962,28,189
2024-06-02,Paracetamol,15165,250,0
2024-06-02,Amoxicilline,7359,58,0
2024-06-02,Salbutamol,5544,39,0
2024-06-02,SerumPhysio,16398,162,0
2024-06-02,Corticosteroides,4934,28,0
2024-06-03,Paracetamol,14895,270,0
2024-06-03,Amoxicilline,7272,87,0
2024-06-03,Salbutamol,5493,51,0
2024-06-03,SerumPhysio,17144,175,921
2024-06-03,Corticosteroides,4904,30,0
2024-06-04,Paracetamol,15943,240,1288
2024-06-04,Amoxicilline,7208,64,0
2024-06-04,Salbutamol,5745,29,281
2024-06-04,SerumPhysio,16997,147,0
2024-06-04,Corticosteroides,4875,29,0
2024-06-05,Paracetamol,15716,227,0
2024-06-05,Amoxicilline,7572,79,443
2024-06-05,Salbutamol,5711,34,0
2024-06-05,SerumPhysio,16835,162,0
2024-06-05,Corticosteroides,5031,18,174
2024-06-06,Paracetamol,15479,237,0
2024-06-06,Amoxicilline,7492,80,0
2024-06-06,Salbutamol,5672,39,0
2024-06-06,SerumPhysio,17565,175,905
2024-06-06,Corticosteroides,5005,26,0
2024-06-07,Paracetamol,16431,243,1195
2024-06-07,Amoxicilline,7414,78,0
2024-06-07,Salbutamol,5918,37,283
2024-06-07,SerumPhysio,17384,181,0
2024-06-07,Corticosteroides,4978,27,0
2024-06-08,Paracetamol,16153,278,0
2024-06-08,Amoxicilline,7800,75,461
2024-06-08,Salbutamol,5886,32,0
2024-06-08,SerumPhysio,17228,156,0
2024-06-08,Corticosteroides,5104,32,158
2024-06-09,Paracetamol,15901,252,0
2024-06-09,Amoxicilline,7732,68,0
2024-06-09,Salbutamol,5852,34,0
2024-06-09,SerumPhysio,17047,181,0
2024-06-09,Corticosteroides,5083,21,0
2024-06-10,Paracetamol,15683,218,0
2024-06-10,Amoxicilline,7655,77,0
2024-06-10,Salbutamol,5813,39,0
2024-06-10,SerumPhysio,17790,169,912
2024-06-10,Corticosteroides,5065,18,0
2024-06-11,Paracetamol,16601,241,1159
2024-06-11,Amoxicilline,7584,71,0
2024-06-11,Salbutamol,5999,38,224
2024-06-11,SerumPhysio,17610,180,0
2024-06-11,Corticosteroides,5040,25,0
2024-06-12,Paracetamol,16374,227,0
2024-06-12,Amoxicilline,7913,78,407
2024-06-12,Salbutamol,5964,35,0
2024-06-12,SerumPhysio,17435,175,0
2024-06-12,Corticosteroides,5184,21,165
2024-06-13,Paracetamol,16154,220,0
2024-06-13,Amoxicilline,7837,76,0
2024-06-13,Salbutamol,5917,47,0
2024-06-13,SerumPhysio,18198,158,921
2024-06-13,Corticosteroides,5165,19,0
2024-06-14,Paracetamol,17138,228,1212
2024-06-14,Amoxicilline,7763,74,0
2024-06-14,Salbutamol,6151,46,280
2024-06-14,SerumPhysio,18056,142,0
2024-06-14,Corticosteroides,5131,34,0
2024-06-15,Paracetamol,16887,251,0
2024-06-15,Amoxicilline,8115,74,426
2024-06-15,Salbutamol,6119,32,0
2024-06-15,SerumPhysio,17886,170,0
2024-06-15,Corticosteroides,5285,18,172
2024-06-16,Paracetamol,16629,258,0
2024-06-16,Amoxicilline,8013,102,0
2024-06-16,Salbutamol,6074,45,0
2024-06-16,SerumPhysio,17713,173,0
2024-06-16,Corticosteroides,5255,30,0
2024-06-17,Paracetamol,16358,271,0
2024-06-17,Amoxicilline,7952,61,0
2024-06-17,Salbutamol,6038,36,0
2024-06-17,SerumPhysio,18434,177,898
2024-06-17,Corticosteroides,5233,22,0
2024-06-18,Paracetamol,17335,219,1196
2024-06-18,Amoxicilline,7881,71,0
2024-06-18,Salbutamol,6216,44,222
2024-06-18,SerumPhysio,18298,136,0
2024-06-18,Corticosteroides,5206,27,0
2024-06-19,Paracetamol,17099,236,0
2024-06-19,Amoxicilline,8240,65,424
2024-06-19,Salbutamol,6171,45,0
2024-06-19,SerumPhysio,18140,158,0
2024-06-19,Corticosteroides,5366,34,194
2024-06-20,Paracetamol,16846,253,0
2024-06-20,Amoxicilline,8170,70,0
2024-06-20,Salbutamol,6124,47,0
2024-06-20,SerumPhysio,18901,171,932
2024-06-20,Corticosteroides,5345,21,0
2024-06-21,Paracetamol,17763,259,1176
2024-06-21,Amoxicilline,8100,70,0
2024-06-21,Salbutamol,6371,28,275
2024-06-21,SerumPhysio,18756,145,0
2024-06-21,Corticosteroides,5317,28,0
2024-06-22,Paracetamol,17512,251,0
2024-06-22,Amoxicilline,8399,95,394
2024-06-22,Salbutamol,6328,43,0
2024-06-22,SerumPhysio,18593,163,0
2024-06-22,Corticosteroides,5477,20,180
2024-06-23,Paracetamol,17257,255,0
2024-06-23,Amoxicilline,8321,78,0
2024-06-23,Salbutamol,6292,36,0
2024-06-23,SerumPhysio,18405,188,0
2024-06-23,Corticosteroides,5464,13,0
2024-06-24,Paracetamol,16998,259,0
2024-06-24,Amoxicilline,8228,93,0
2024-06-24,Salbutamol,6255,37,0
2024-06-24,SerumPhysio,19211,181,987
2024-06-24,Corticosteroides,5434,30,0
2024-06-25,Paracetamol,17978,239,1219
2024-06-25,Amoxicilline,8157,71,0
2024-06-25,Salbutamol,6473,39,257
2024-06-25,SerumPhysio,19062,149,0
2024-06-25,Corticosteroides,5406,28,0
2024-06-26,Paracetamol,17724,254,0
2024-06-26,Amoxicilline,8499,91,433
2024-06-26,Salbutamol,6417,56,0
2024-06-26,SerumPhysio,18892,170,0
2024-06-26,Corticosteroides,5578,27,199
2024-06-27,Paracetamol,17487,237,0
2024-06-27,Amoxicilline,8420,79,0
2024-06-27,Salbutamol,6382,35,0
2024-06-27,SerumPhysio,19596,159,863
2024-06-27,Corticosteroides,5562,16,0
2024-06-28,Paracetamol,18470,250,1233
2024-06-28,Amoxicilline,8346,74,0
2024-06-28,Salbutamol,6621,43,282
2024-06-28,SerumPhysio,19432,164,0
2024-06-28,Corticosteroides,5542,20,0
2024-06-29,Paracetamol,18237,233,0
2024-06-29,Amoxicilline,8693,80,427
2024-06-29,Salbutamol,6577,44,0
2024-06-29,SerumPhysio,19250,182,0
2024-06-29,Corticosteroides,5691,26,175
2024-06-30,Paracetamol,17999,238,0
2024-06-30,Amoxicilline,8597,96,0
2024-06-30,Salbutamol,6533,44,0
2024-06-30,SerumPhysio,19074,176,0
2024-06-30,Corticosteroides,5662,29,0
2024-07-01,Paracetamol,17825,174,0
2024-07-01,Amoxicilline,8531,66,0
2024-07-01,Salbutamol,6508,25,0
2024-07-01,SerumPhysio,19860,140,926
2024-07-01,Corticosteroides,5646,16,0
2024-07-02,Paracetamol,18845,174,1194
2024-07-02,Amoxicilline,8484,47,0
2024-07-02,Salbutamol,6744,31,267
2024-07-02,SerumPhysio,19743,117,0
2024-07-02,Corticosteroides,5628,18,0
2024-07-03,Paracetamol,18649,196,0
2024-07-03,Amoxicilline,8831,51,398
2024-07-03,Salbutamol,6707,37,0
2024-07-03,SerumPhysio,19595,148,0
2024-07-03,Corticosteroides,5785,24,181
2024-07-04,Paracetamol,18495,154,0
2024-07-04,Amoxicilline,8778,53,0
2024-07-04,Salbutamol,6681,26,0
2024-07-04,SerumPhysio,20398,111,914
2024-07-04,Corticosteroides,5768,17,0
2024-07-05,Paracetamol,19528,160,1193
2024-07-05,Amoxicilline,8737,41,0
2024-07-05,Salbutamol,6928,18,265
2024-07-05,SerumPhysio,20261,137,0
2024-07-05,Corticosteroides,5755,13,0
2024-07-06,Paracetamol,19387,141,0
2024-07-06,Amoxicilline,9111,47,421
2024-07-06,Salbutamol,6904,24,0
2024-07-06,SerumPhysio,20146,115,0
2024-07-06,Corticosteroides,5941,19,205
2024-07-07,Paracetamol,19203,184,0
2024-07-07,Amoxicilline,9069,42,0
2024-07-07,Salbutamol,6878,26,0
2024-07-07,SerumPhysio,20052,94,0
2024-07-07,Corticosteroides,5925,16,0
2024-07-08,Paracetamol,19023,180,0
2024-07-08,Amoxicilline,9006,63,0
2024-07-08,Salbutamol,6844,34,0
2024-07-08,SerumPhysio,20826,124,898
2024-07-08,Corticosteroides,5915,10,0
2024-07-09,Paracetamol,20027,159,1163
2024-07-09,Amoxicilline,8950,56,0
2024-07-09,Salbutamol,7081,30,267
2024-07-09,SerumPhysio,20715,111,0
2024-07-09,Corticosteroides,5899,16,0
2024-07-10,Paracetamol,19854,173,0
2024-07-10,Amoxicilline,9343,45,438
2024-07-10,Salbutamol,7058,23,0
2024-07-10,SerumPhysio,20602,113,0
2024-07-10,Corticosteroides,6060,17,178
2024-07-11,Paracetamol,19681,173,0
2024-07-11,Amoxicilline,9284,59,0
2024-07-11,Salbutamol,7022,36,0
2024-07-11,SerumPhysio,21404,103,905
2024-07-11,Corticosteroides,6038,22,0
2024-07-12,Paracetamol,20729,186,1234
2024-07-12,Amoxicilline,9218,66,0
2024-07-12,Salbutamol,7221,33,232
2024-07-12,SerumPhysio,21277,127,0
2024-07-12,Corticosteroides,6012,26,0
2024-07-13,Paracetamol,20558,171,0
2024-07-13,Amoxicilline,9586,52,420
2024-07-13,Salbutamol,7196,25,0
2024-07-13,SerumPhysio,21153,124,0
2024-07-13,Corticosteroides,6171,21,180
2024-07-14,Paracetamol,20415,143,0
2024-07-14,Amoxicilline,9546,40,0
2024-07-14,Salbutamol,7176,20,0
2024-07-14,SerumPhysio,21039,114,0
2024-07-14,Corticosteroides,6154,17,0
2024-07-15,Paracetamol,20273,142,0
2024-07-15,Amoxicilline,9491,55,0
2024-07-15,Salbutamol,7147,29,0
2024-07-15,SerumPhysio,21835,115,911
2024-07-15,Corticosteroides,6146,8,0
2024-07-16,Paracetamol,21347,147,1221
2024-07-16,Amoxicilline,9433,58,0
2024-07-16,Salbutamol,7413,25,291
2024-07-16,SerumPhysio,21735,100,0
2024-07-16,Corticosteroides,6136,10,0
2024-07-17,Paracetamol,21198,149,0
2024-07-17,Amoxicilline,9808,52,427
2024-07-17,Salbutamol,7376,37,0
2024-07-17,SerumPhysio,21619,116,0
2024-07-17,Corticosteroides,6280,22,166
2024-07-18,Paracetamol,21027,171,0
2024-07-18,Amoxicilline,9747,61,0
2024-07-18,Salbutamol,7351,25,0
2024-07-18,SerumPhysio,22453,106,940
2024-07-18,Corticosteroides,6263,17,0
2024-07-19,Paracetamol,22064,165,1202
2024-07-19,Amoxicilline,9703,44,0
2024-07-19,Salbutamol,7578,26,253
2024-07-19,SerumPhysio,22335,118,0
2024-07-19,Corticosteroides,6248,15,0
2024-07-20,Paracetamol,21883,181,0
2024-07-20,Amoxicilline,10077,53,427
2024-07-20,Salbutamol,7547,31,0
2024-07-20,SerumPhysio,22242,93,0
2024-07-20,Corticosteroides,6443,16,211
2024-07-21,Paracetamol,21702,181,0
2024-07-21,Amoxicilline,10025,52,0
2024-07-21,Salbutamol,7511,36,0
2024-07-21,SerumPhysio,22106,136,0
2024-07-21,Corticosteroides,6429,14,0
2024-07-22,Paracetamol,21504,198,0
2024-07-22,Amoxicilline,9949,76,0
2024-07-22,Salbutamol,7482,29,0
2024-07-22,SerumPhysio,22801,143,838
2024-07-22,Corticosteroides,6398,31,0
2024-07-23,Paracetamol,22576,131,1203
2024-07-23,Amoxicilline,9898,51,0
2024-07-23,Salbutamol,7719,19,256
2024-07-23,SerumPhysio,22673,128,0
2024-07-23,Corticosteroides,6386,12,0
2024-07-24,Paracetamol,22399,177,0
2024-07-24,Amoxicilline,10266,50,418
2024-07-24,Salbutamol,7693,26,0
2024-07-24,SerumPhysio,22570,103,0
2024-07-24,Corticosteroides,6567,17,198
2024-07-25,Paracetamol,22218,181,0
2024-07-25,Amoxicilline,10216,50,0
2024-07-25,Salbutamol,7665,28,0
2024-07-25,SerumPhysio,23354,127,911
2024-07-25,Corticosteroides,6551,16,0
2024-07-26,Paracetamol,23279,160,1221
2024-07-26,Amoxicilline,10169,47,0
2024-07-26,Salbutamol,7896,28,259
2024-07-26,SerumPhysio,23244,110,0
2024-07-26,Corticosteroides,6535,16,0
2024-07-27,Paracetamol,23112,167,0
2024-07-27,Amoxicilline,10516,55,402
2024-07-27,Salbutamol,7876,20,0
2024-07-27,SerumPhysio,23143,101,0
2024-07-27,Corticosteroides,6716,13,194
2024-07-28,Paracetamol,22960,152,0
2024-07-28,Amoxicilline,10472,44,0
2024-07-28,Salbutamol,7852,24,0
2024-07-28,SerumPhysio,23042,101,0
2024-07-28,Corticosteroides,6704,12,0
2024-07-29,Paracetamol,22807,153,0
2024-07-29,Amoxicilline,10423,49,0
2024-07-29,Salbutamol,7818,34,0
2024-07-29,SerumPhysio,23785,124,867
2024-07-29,Corticosteroides,6690,14,0
2024-07-30,Paracetamol,23847,153,1193
2024-07-30,Amoxicilline,10366,57,0
2024-07-30,Salbutamol,8063,26,271
2024-07-30,SerumPhysio,23651,134,0
2024-07-30,Corticosteroides,6673,17,0
2024-07-31,Paracetamol,23661,186,0
2024-07-31,Amoxicilline,10743,65,442
2024-07-31,Salbutamol,8031,32,0
2024-07-31,SerumPhysio,23519,132,0
2024-07-31,Corticosteroides,6838,10,175
2024-08-01,Paracetamol,23455,206,0
2024-08-01,Amoxicilline,10676,67,0
2024-08-01,Salbutamol,7994,37,0
2024-08-01,SerumPhysio,24274,154,909
2024-08-01,Corticosteroides,6826,12,0
2024-08-02,Paracetamol,24541,167,1253
2024-08-02,Amoxicilline,10613,63,0
2024-08-02,Salbutamol,8242,24,272
2024-08-02,SerumPhysio,24142,132,0
2024-08-02,Corticosteroides,6806,20,0
2024-08-03,Paracetamol,24385,156,0
2024-08-03,Amoxicilline,10971,54,412
2024-08-03,Salbutamol,8208,34,0
2024-08-03,SerumPhysio,24037,105,0
2024-08-03,Corticosteroides,6978,13,185
2024-08-04,Paracetamol,24208,177,0
2024-08-04,Amoxicilline,10913,58,0
2024-08-04,Salbutamol,8177,31,0
2024-08-04,SerumPhysio,23914,123,0
2024-08-04,Corticosteroides,6966,12,0
2024-08-05,Paracetamol,24039,169,0
2024-08-05,Amoxicilline,10860,53,0
2024-08-05,Salbutamol,8155,22,0
2024-08-05,SerumPhysio,24747,102,935
2024-08-05,Corticosteroides,6948,18,0
2024-08-06,Paracetamol,25106,186,1253
2024-08-06,Amoxicilline,10800,60,0
2024-08-06,Salbutamol,8376,24,245
2024-08-06,SerumPhysio,24638,109,0
2024-08-06,Corticosteroides,6937,11,0
2024-08-07,Paracetamol,24930,176,0
2024-08-07,Amoxicilline,11159,66,425
2024-08-07,Salbutamol,8352,24,0
2024-08-07,SerumPhysio,24513,125,0
2024-08-07,Corticosteroides,7102,13,178
2024-08-08,Paracetamol,24753,177,0
2024-08-08,Amoxicilline,11108,51,0
2024-08-08,Salbutamol,8321,31,0
2024-08-08,SerumPhysio,25320,124,931
2024-08-08,Corticosteroides,7092,10,0
2024-08-09,Paracetamol,25686,217,1150
2024-08-09,Amoxicilline,11052,56,0
2024-08-09,Salbutamol,8541,34,254
2024-08-09,SerumPhysio,25212,108,0
2024-08-09,Corticosteroides,7071,21,0
2024-08-10,Paracetamol,25524,162,0
2024-08-10,Amoxicilline,11455,65,468
2024-08-10,Salbutamol,8508,33,0
2024-08-10,SerumPhysio,25086,126,0
2024-08-10,Corticosteroides,7243,21,193
2024-08-11,Paracetamol,25328,196,0
2024-08-11,Amoxicilline,11406,49,0
2024-08-11,Salbutamol,8474,34,0
2024-08-11,SerumPhysio,24959,127,0
2024-08-11,Corticosteroides,7221,22,0
2024-08-12,Paracetamol,25146,182,0
2024-08-12,Amoxicilline,11360,46,0
2024-08-12,Salbutamol,8446,28,0
2024-08-12,SerumPhysio,25766,118,925
2024-08-12,Corticosteroides,7205,16,0
2024-08-13,Paracetamol,26165,173,1192
2024-08-13,Amoxicilline,11309,51,0
2024-08-13,Salbutamol,8659,30,243
2024-08-13,SerumPhysio,25639,127,0
2024-08-13,Corticosteroides,7194,11,0
2024-08-14,Paracetamol,26025,140,0
2024-08-14,Amoxicilline,11719,49,459
2024-08-14,Salbutamol,8622,37,0
2024-08-14,SerumPhysio,25534,105,0
2024-08-14,Corticosteroides,7349,17,172
2024-08-15,Paracetamol,25895,130,0
2024-08-15,Amoxicilline,11679,40,0
2024-08-15,Salbutamol,8595,27,0
2024-08-15,SerumPhysio,26342,96,904
2024-08-15,Corticosteroides,7336,13,0
2024-08-16,Paracetamol,26924,177,1206
2024-08-16,Amoxicilline,11625,54,0
2024-08-16,Salbutamol,8815,19,239
2024-08-16,SerumPhysio,26235,107,0
2024-08-16,Corticosteroides,7320,16,0
2024-08-17,Paracetamol,26771,153,0
2024-08-17,Amoxicilline,12006,53,434
2024-08-17,Salbutamol,8793,22,0
2024-08-17,SerumPhysio,26117,118,0
2024-08-17,Corticosteroides,7482,13,175
2024-08-18,Paracetamol,26575,196,0
2024-08-18,Amoxicilline,11949,57,0
2024-08-18,Salbutamol,8769,24,0
2024-08-18,SerumPhysio,26001,116,0
2024-08-18,Corticosteroides,7468,14,0
2024-08-19,Paracetamol,26416,159,0
2024-08-19,Amoxicilline,11904,45,0
2024-08-19,Salbutamol,8737,32,0
2024-08-19,SerumPhysio,26779,128,906
2024-08-19,Corticosteroides,7454,14,0
2024-08-20,Paracetamol,27497,144,1225
2024-08-20,Amoxicilline,11860,44,0
2024-08-20,Salbutamol,8968,24,255
2024-08-20,SerumPhysio,26678,101,0
2024-08-20,Corticosteroides,7441,13,0
2024-08-21,Paracetamol,27336,161,0
2024-08-21,Amoxicilline,12217,52,409
2024-08-21,Salbutamol,8943,25,0
2024-08-21,SerumPhysio,26549,129,0
2024-08-21,Corticosteroides,7621,21,201
2024-08-22,Paracetamol,27151,185,0
2024-08-22,Amoxicilline,12162,55,0
2024-08-22,Salbutamol,8911,32,0
2024-08-22,SerumPhysio,27294,130,875
2024-08-22,Corticosteroides,7608,13,0
2024-08-23,Paracetamol,28152,183,1184
2024-08-23,Amoxicilline,12110,52,0
2024-08-23,Salbutamol,9141,34,264
2024-08-23,SerumPhysio,27158,136,0
2024-08-23,Corticosteroides,7595,13,0
2024-08-24,Paracetamol,27999,153,0
2024-08-24,Amoxicilline,12486,56,432
2024-08-24,Salbutamol,9114,27,0
2024-08-24,SerumPhysio,27059,99,0
2024-08-24,Corticosteroides,7759,19,183
2024-08-25,Paracetamol,27830,169,0
2024-08-25,Amoxicilline,12443,43,0
2024-08-25,Salbutamol,9085,29,0
2024-08-25,SerumPhysio,26959,100,0
2024-08-25,Corticosteroides,7740,19,0
2024-08-26,Paracetamol,27664,166,0
2024-08-26,Amoxicilline,12377,66,0
2024-08-26,Salbutamol,9049,36,0
2024-08-26,SerumPhysio,27672,145,858
2024-08-26,Corticosteroides,7725,15,0
2024-08-27,Paracetamol,28685,178,1199
2024-08-27,Amoxicilline,12321,56,0
2024-08-27,Salbutamol,9287,24,262
2024-08-27,SerumPhysio,27558,114,0
2024-08-27,Corticosteroides,7702,23,0
2024-08-28,Paracetamol,28490,195,0
2024-08-28,Amoxicilline,12694,50,423
2024-08-28,Salbutamol,9258,29,0
2024-08-28,SerumPhysio,27442,116,0
2024-08-28,Corticosteroides,7862,17,177
2024-08-29,Paracetamol,28318,172,0
2024-08-29,Amoxicilline,12643,51,0
2024-08-29,Salbutamol,9215,43,0
2024-08-29,SerumPhysio,28222,115,895
2024-08-29,Corticosteroides,7839,23,0
2024-08-30,Paracetamol,29342,187,1211
2024-08-30,Amoxicilline,12589,54,0
2024-08-30,Salbutamol,9471,23,279
2024-08-30,SerumPhysio,28118,104,0
2024-08-30,Corticosteroides,7828,11,0
2024-08-31,Paracetamol,29178,164,0
2024-08-31,Amoxicilline,12969,48,428
2024-08-31,Salbutamol,9445,26,0
2024-08-31,SerumPhysio,28016,102,0
2024-08-31,Corticosteroides,7991,18,181
2024-09-01,Paracetamol,28920,258,0
2024-09-01,Amoxicilline,12895,74,0
2024-09-01,Salbutamol,9399,46,0
2024-09-01,SerumPhysio,27838,178,0
2024-09-01,Corticosteroides,7961,30,0
2024-09-02,Paracetamol,28678,242,0
2024-09-02,Amoxicilline,12803,92,0
2024-09-02,Salbutamol,9370,29,0
2024-09-02,SerumPhysio,28546,191,899
2024-09-02,Corticosteroides,7932,29,0
2024-09-03,Paracetamol,29652,229,1203
2024-09-03,Amoxicilline,12727,76,0
2024-09-03,Salbutamol,9610,36,276
2024-09-03,SerumPhysio,28375,171,0
2024-09-03,Corticosteroides,7900,32,0
2024-09-04,Paracetamol,29407,245,0
2024-09-04,Amoxicilline,13026,88,387
2024-09-04,Salbutamol,9576,34,0
2024-09-04,SerumPhysio,28206,169,0
2024-09-04,Corticosteroides,8040,31,171
2024-09-05,Paracetamol,29168,239,0
2024-09-05,Amoxicilline,12951,75,0
2024-09-05,Salbutamol,9541,35,0
2024-09-05,SerumPhysio,28892,160,846
2024-09-05,Corticosteroides,8023,17,0
2024-09-06,Paracetamol,30136,250,1218
2024-09-06,Amoxicilline,12883,68,0
2024-09-06,Salbutamol,9773,46,278
2024-09-06,SerumPhysio,28710,182,0
2024-09-06,Corticosteroides,7999,24,0
2024-09-07,Paracetamol,29885,251,0
2024-09-07,Amoxicilline,13248,77,442
2024-09-07,Salbutamol,9730,43,0
2024-09-07,SerumPhysio,28542,168,0
2024-09-07,Corticosteroides,8170,25,196
2024-09-08,Paracetamol,29636,249,0
2024-09-08,Amoxicilline,13177,71,0
2024-09-08,Salbutamol,9676,54,0
2024-09-08,SerumPhysio,28347,195,0
2024-09-08,Corticosteroides,8149,21,0
2024-09-09,Paracetamol,29344,292,0
2024-09-09,Amoxicilline,13097,80,0
2024-09-09,Salbutamol,9636,40,0
2024-09-09,SerumPhysio,29103,169,925
2024-09-09,Corticosteroides,8119,30,0
2024-09-10,Paracetamol,30279,235,1170
2024-09-10,Amoxicilline,13008,89,0
2024-09-10,Salbutamol,9824,39,227
2024-09-10,SerumPhysio,28907,196,0
2024-09-10,Corticosteroides,8096,23,0
2024-09-11,Paracetamol,30037,242,0
2024-09-11,Amoxicilline,13325,90,407
2024-09-11,Salbutamol,9784,40,0
2024-09-11,SerumPhysio,28754,153,0
2024-09-11,Corticosteroides,8218,32,154
2024-09-12,Paracetamol,29781,256,0
2024-09-12,Amoxicilline,13253,72,0
2024-09-12,Salbutamol,9744,40,0
2024-09-12,SerumPhysio,29439,175,860
2024-09-12,Corticosteroides,8187,31,0
2024-09-13,Paracetamol,30695,287,1201
2024-09-13,Amoxicilline,13189,64,0
2024-09-13,Salbutamol,9945,36,237
2024-09-13,SerumPhysio,29255,184,0
2024-09-13,Corticosteroides,8163,24,0
2024-09-14,Paracetamol,30459,236,0
2024-09-14,Amoxicilline,13490,92,393
2024-09-14,Salbutamol,9896,49,0
2024-09-14,SerumPhysio,29078,177,0
2024-09-14,Corticosteroides,8328,23,188
2024-09-15,Paracetamol,30235,224,0
2024-09-15,Amoxicilline,13412,78,0
2024-09-15,Salbutamol,9844,52,0
2024-09-15,SerumPhysio,28906,172,0
2024-09-15,Corticosteroides,8302,26,0
2024-09-16,Paracetamol,29986,249,0
2024-09-16,Amoxicilline,13343,69,0
2024-09-16,Salbutamol,9809,35,0
2024-09-16,SerumPhysio,29661,155,910
2024-09-16,Corticosteroides,8281,21,0
2024-09-17,Paracetamol,30992,221,1227
2024-09-17,Amoxicilline,13264,79,0
2024-09-17,Salbutamol,10026,42,259
2024-09-17,SerumPhysio,29515,146,0
2024-09-17,Corticosteroides,8252,29,0
2024-09-18,Paracetamol,30747,245,0
2024-09-18,Amoxicilline,13615,70,421
2024-09-18,Salbutamol,9995,31,0
2024-09-18,SerumPhysio,29364,151,0
2024-09-18,Corticosteroides,8405,22,175
2024-09-19,Paracetamol,30534,213,0
2024-09-19,Amoxicilline,13538,77,0
2024-09-19,Salbutamol,9951,44,0
2024-09-19,SerumPhysio,30052,161,849
2024-09-19,Corticosteroides,8381,24,0
2024-09-20,Paracetamol,31427,240,1133
2024-09-20,Amoxicilline,13462,76,0
2024-09-20,Salbutamol,10175,35,259
2024-09-20,SerumPhysio,29891,161,0
2024-09-20,Corticosteroides,8359,22,0
2024-09-21,Paracetamol,31222,205,0
2024-09-21,Amoxicilline,13831,63,432
2024-09-21,Salbutamol,10138,37,0
2024-09-21,SerumPhysio,29735,156,0
2024-09-21,Corticosteroides,8511,24,176
2024-09-22,Paracetamol,30993,229,0
2024-09-22,Amoxicilline,13772,59,0
2024-09-22,Salbutamol,10099,39,0
2024-09-22,SerumPhysio,29606,129,0
2024-09-22,Corticosteroides,8488,23,0
2024-09-23,Paracetamol,30752,241,0
2024-09-23,Amoxicilline,13710,62,0
2024-09-23,Salbutamol,10061,38,0
2024-09-23,SerumPhysio,30307,167,868
2024-09-23,Corticosteroides,8465,23,0
2024-09-24,Paracetamol,31688,285,1221
2024-09-24,Amoxicilline,13614,96,0
2024-09-24,Salbutamol,10277,50,266
2024-09-24,SerumPhysio,30121,186,0
2024-09-24,Corticosteroides,8445,20,0
2024-09-25,Paracetamol,31431,257,0
2024-09-25,Amoxicilline,13970,71,427
2024-09-25,Salbutamol,10231,46,0
2024-09-25,SerumPhysio,29935,186,0
2024-09-25,Corticosteroides,8598,28,181
2024-09-26,Paracetamol,31167,264,0
2024-09-26,Amoxicilline,13890,80,0
2024-09-26,Salbutamol,10183,48,0
2024-09-26,SerumPhysio,30640,153,858
2024-09-26,Corticosteroides,8571,27,0
2024-09-27,Paracetamol,32125,231,1189
2024-09-27,Amoxicilline,13811,79,0
2024-09-27,Salbutamol,10415,33,265
2024-09-27,SerumPhysio,30493,147,0
2024-09-27,Corticosteroides,8540,31,0
2024-09-28,Paracetamol,31884,241,0
2024-09-28,Amoxicilline,14164,72,425
2024-09-28,Salbutamol,10373,42,0
2024-09-28,SerumPhysio,30347,146,0
2024-09-28,Corticosteroides,8717,19,196
2024-09-29,Paracetamol,31633,251,0
2024-09-29,Amoxicilline,14086,78,0
2024-09-29,Salbutamol,10323,50,0
2024-09-29,SerumPhysio,30178,169,0
2024-09-29,Corticosteroides,8686,31,0
2024-09-30,Paracetamol,31376,257,0
2024-09-30,Amoxicilline,14008,78,0
2024-09-30,Salbutamol,10270,53,0
2024-09-30,SerumPhysio,30919,186,927
2024-09-30,Corticosteroides,8658,28,0
2024-10-01,Paracetamol,32358,225,1207
2024-10-01,Amoxicilline,13952,56,0
2024-10-01,Salbutamol,10506,51,287
2024-10-01,SerumPhysio,30767,152,0
2024-10-01,Corticosteroides,8632,26,0
2024-10-02,Paracetamol,32130,228,0
2024-10-02,Amoxicilline,14311,71,430
2024-10-02,Salbutamol,10480,26,0
2024-10-02,SerumPhysio,30593,174,0
2024-10-02,Corticosteroides,8778,21,167
2024-10-03,Paracetamol,31877,253,0
2024-10-03,Amoxicilline,14219,92,0
2024-10-03,Salbutamol,10443,37,0
2024-10-03,SerumPhysio,31349,188,944
2024-10-03,Corticosteroides,8743,35,0
2024-10-04,Paracetamol,32790,246,1159
2024-10-04,Amoxicilline,14142,77,0
2024-10-04,Salbutamol,10665,48,270
2024-10-04,SerumPhysio,31203,146,0
2024-10-04,Corticosteroides,8717,26,0
2024-10-05,Paracetamol,32527,263,0
2024-10-05,Amoxicilline,14450,89,397
2024-10-05,Salbutamol,10611,54,0
2024-10-05,SerumPhysio,31017,186,0
2024-10-05,Corticosteroides,8887,21,191
2024-10-06,Paracetamol,32313,214,0
2024-10-06,Amoxicilline,14384,66,0
2024-10-06,Salbutamol,10576,35,0
2024-10-06,SerumPhysio,30846,171,0
2024-10-06,Corticosteroides,8861,26,0
2024-10-07,Paracetamol,32058,255,0
2024-10-07,Amoxicilline,14317,67,0
2024-10-07,Salbutamol,10515,61,0
2024-10-07,SerumPhysio,31561,178,893
2024-10-07,Corticosteroides,8835,26,0
2024-10-08,Paracetamol,33032,241,1215
2024-10-08,Amoxicilline,14247,70,0
2024-10-08,Salbutamol,10749,31,265
2024-10-08,SerumPhysio,31394,167,0
2024-10-08,Corticosteroides,8815,20,0
2024-10-09,Paracetamol,32781,251,0
2024-10-09,Amoxicilline,14580,71,404
2024-10-09,Salbutamol,10709,40,0
2024-10-09,SerumPhysio,31227,167,0
2024-10-09,Corticosteroides,8969,20,174
2024-10-10,Paracetamol,32567,214,0
2024-10-10,Amoxicilline,14514,66,0
2024-10-10,Salbutamol,10666,43,0
2024-10-10,SerumPhysio,31971,178,922
2024-10-10,Corticosteroides,8944,25,0
2024-10-11,Paracetamol,33554,224,1211
2024-10-11,Amoxicilline,14438,76,0
2024-10-11,Salbutamol,10880,41,255
2024-10-11,SerumPhysio,31796,175,0
2024-10-11,Corticosteroides,8927,17,0
2024-10-12,Paracetamol,33275,279,0
2024-10-12,Amoxicilline,14789,91,442
2024-10-12,Salbutamol,10839,41,0
2024-10-12,SerumPhysio,31633,163,0
2024-10-12,Corticosteroides,9087,17,177
2024-10-13,Paracetamol,33049,226,0
2024-10-13,Amoxicilline,14713,76,0
2024-10-13,Salbutamol,10796,43,0
2024-10-13,SerumPhysio,31442,191,0
2024-10-13,Corticosteroides,9065,22,0
2024-10-14,Paracetamol,32760,289,0
2024-10-14,Amoxicilline,14647,66,0
2024-10-14,Salbutamol,10753,43,0
2024-10-14,SerumPhysio,32129,169,856
2024-10-14,Corticosteroides,9044,21,0
2024-10-15,Paracetamol,33759,237,1236
2024-10-15,Amoxicilline,14584,63,0
2024-10-15,Salbutamol,10975,30,252
2024-10-15,SerumPhysio,31931,198,0
2024-10-15,Corticosteroides,9017,27,0
2024-10-16,Paracetamol,33526,233,0
2024-10-16,Amoxicilline,14934,85,435
2024-10-16,Salbutamol,10937,38,0
2024-10-16,SerumPhysio,31777,154,0
2024-10-16,Corticosteroides,9189,17,189
2024-10-17,Paracetamol,33273,253,0
2024-10-17,Amoxicilline,14852,82,0
2024-10-17,Salbutamol,10886,51,0
2024-10-17,SerumPhysio,32471,197,891
2024-10-17,Corticosteroides,9160,29,0
2024-10-18,Paracetamol,34257,252,1236
2024-10-18,Amoxicilline,14775,77,0
2024-10-18,Salbutamol,11091,32,237
2024-10-18,SerumPhysio,32321,150,0
2024-10-18,Corticosteroides,9135,25,0
2024-10-19,Paracetamol,33996,261,0
2024-10-19,Amoxicilline,15141,84,450
2024-10-19,Salbutamol,11049,42,0
2024-10-19,SerumPhysio,32162,159,0
2024-10-19,Corticosteroides,9299,24,188
2024-10-20,Paracetamol,33717,279,0
2024-10-20,Amoxicilline,15063,78,0
2024-10-20,Salbutamol,11003,46,0
2024-10-20,SerumPhysio,31985,177,0
2024-10-20,Corticosteroides,9274,25,0
2024-10-21,Paracetamol,33455,262,0
2024-10-21,Amoxicilline,14976,87,0
2024-10-21,Salbutamol,10967,36,0
2024-10-21,SerumPhysio,32667,168,850
2024-10-21,Corticosteroides,9247,27,0
2024-10-22,Paracetamol,34444,204,1193
2024-10-22,Amoxicilline,14893,83,0
2024-10-22,Salbutamol,11165,49,247
2024-10-22,SerumPhysio,32507,160,0
2024-10-22,Corticosteroides,9224,23,0
2024-10-23,Paracetamol,34202,242,0
2024-10-23,Amoxicilline,15236,80,423
2024-10-23,Salbutamol,11131,34,0
2024-10-23,SerumPhysio,32343,164,0
2024-10-23,Corticosteroides,9390,22,188
2024-10-24,Paracetamol,33980,222,0
2024-10-24,Amoxicilline,15149,87,0
2024-10-24,Salbutamol,11098,33,0
2024-10-24,SerumPhysio,33056,175,888
2024-10-24,Corticosteroides,9363,27,0
2024-10-25,Paracetamol,34868,274,1162
2024-10-25,Amoxicilline,15063,86,0
2024-10-25,Salbutamol,11311,33,246
2024-10-25,SerumPhysio,32885,171,0
2024-10-25,Corticosteroides,9333,30,0
2024-10-26,Paracetamol,34639,229,0
2024-10-26,Amoxicilline,15362,89,388
2024-10-26,Salbutamol,11269,42,0
2024-10-26,SerumPhysio,32711,174,0
2024-10-26,Corticosteroides,9483,29,179
2024-10-27,Paracetamol,34406,233,0
2024-10-27,Amoxicilline,15277,85,0
2024-10-27,Salbutamol,11236,33,0
2024-10-27,SerumPhysio,32529,182,0
2024-10-27,Corticosteroides,9454,29,0
2024-10-28,Paracetamol,34148,258,0
2024-10-28,Amoxicilline,15188,89,0
2024-10-28,Salbutamol,11198,38,0
2024-10-28,SerumPhysio,33248,158,877
2024-10-28,Corticosteroides,9430,24,0
2024-10-29,Paracetamol,35158,221,1231
2024-10-29,Amoxicilline,15103,85,0
2024-10-29,Salbutamol,11406,45,253
2024-10-29,SerumPhysio,33080,168,0
2024-10-29,Corticosteroides,9409,21,0
2024-10-30,Paracetamol,34902,256,0
2024-10-30,Amoxicilline,15380,90,367
2024-10-30,Salbutamol,11363,43,0
2024-10-30,SerumPhysio,32912,168,0
2024-10-30,Corticosteroides,9558,28,177
2024-10-31,Paracetamol,34667,235,0
2024-10-31,Amoxicilline,15311,69,0
2024-10-31,Salbutamol,11319,44,0
2024-10-31,SerumPhysio,33610,152,850
2024-10-31,Corticosteroides,9528,30,0
2024-11-01,Paracetamol,35573,271,1177
2024-11-01,Amoxicilline,15225,86,0
2024-11-01,Salbutamol,11512,45,238
2024-11-01,SerumPhysio,33450,160,0
2024-11-01,Corticosteroides,9508,20,0
2024-11-02,Paracetamol,35288,285,0
2024-11-02,Amoxicilline,15565,85,425
2024-11-02,Salbutamol,11465,47,0
2024-11-02,SerumPhysio,33270,180,0
2024-11-02,Corticosteroides,9656,33,181
2024-11-03,Paracetamol,35034,254,0
2024-11-03,Amoxicilline,15493,72,0
2024-11-03,Salbutamol,11423,42,0
2024-11-03,SerumPhysio,33111,159,0
2024-11-03,Corticosteroides,9636,20,0
2024-11-04,Paracetamol,34771,263,0
2024-11-04,Amoxicilline,15414,79,0
2024-11-04,Salbutamol,11385,38,0
2024-11-04,SerumPhysio,33846,162,897
2024-11-04,Corticosteroides,9596,40,0
2024-11-05,Paracetamol,35642,310,1181
2024-11-05,Amoxicilline,15326,88,0
2024-11-05,Salbutamol,11577,61,253
2024-11-05,SerumPhysio,33662,184,0
2024-11-05,Corticosteroides,9567,29,0
2024-11-06,Paracetamol,35372,270,0
2024-11-06,Amoxicilline,15657,81,412
2024-11-06,Salbutamol,11513,64,0
2024-11-06,SerumPhysio,33486,176,0
2024-11-06,Corticosteroides,9741,19,193
2024-11-07,Paracetamol,35092,280,0
2024-11-07,Amoxicilline,15564,93,0
2024-11-07,Salbutamol,11481,32,0
2024-11-07,SerumPhysio,34228,164,906
2024-11-07,Corticosteroides,9705,36,0
2024-11-08,Paracetamol,36017,277,1202
2024-11-08,Amoxicilline,15454,110,0
2024-11-08,Salbutamol,11724,43,286
2024-11-08,SerumPhysio,34030,198,0
2024-11-08,Corticosteroides,9675,30,0
2024-11-09,Paracetamol,35758,259,0
2024-11-09,Amoxicilline,15765,94,405
2024-11-09,Salbutamol,11690,34,0
2024-11-09,SerumPhysio,33851,179,0
2024-11-09,Corticosteroides,9831,24,180
2024-11-10,Paracetamol,35486,272,0
2024-11-10,Amoxicilline,15688,77,0
2024-11-10,Salbutamol,11644,46,0
2024-11-10,SerumPhysio,33686,165,0
2024-11-10,Corticosteroides,9809,22,0
2024-11-11,Paracetamol,35222,264,0
2024-11-11,Amoxicilline,15604,84,0
2024-11-11,Salbutamol,11595,49,0
2024-11-11,SerumPhysio,34439,166,919
2024-11-11,Corticosteroides,9784,25,0
2024-11-12,Paracetamol,36178,243,1199
2024-11-12,Amoxicilline,15526,78,0
2024-11-12,Salbutamol,11806,48,259
2024-11-12,SerumPhysio,34281,158,0
2024-11-12,Corticosteroides,9753,31,0
2024-11-13,Paracetamol,35874,304,0
2024-11-13,Amoxicilline,15849,89,412
2024-11-13,Salbutamol,11748,58,0
2024-11-13,SerumPhysio,34092,189,0
2024-11-13,Corticosteroides,9902,25,174
2024-11-14,Paracetamol,35603,271,0
2024-11-14,Amoxicilline,15765,84,0
2024-11-14,Salbutamol,11702,46,0
2024-11-14,SerumPhysio,34850,166,924
2024-11-14,Corticosteroides,9870,32,0
2024-11-15,Paracetamol,36532,276,1205
2024-11-15,Amoxicilline,15691,74,0
2024-11-15,Salbutamol,11911,40,249
2024-11-15,SerumPhysio,34669,181,0
2024-11-15,Corticosteroides,9842,28,0
2024-11-16,Paracetamol,36197,335,0
2024-11-16,Amoxicilline,16013,92,414
2024-11-16,Salbutamol,11856,55,0
2024-11-16,SerumPhysio,34468,201,0
2024-11-16,Corticosteroides,10005,21,184
2024-11-17,Paracetamol,35935,262,0
2024-11-17,Amoxicilline,15922,91,0
2024-11-17,Salbutamol,11806,50,0
2024-11-17,SerumPhysio,34291,177,0
2024-11-17,Corticosteroides,9981,24,0
2024-11-18,Paracetamol,35656,279,0
2024-11-18,Amoxicilline,15851,71,0
2024-11-18,Salbutamol,11767,39,0
2024-11-18,SerumPhysio,34948,206,863
2024-11-18,Corticosteroides,9959,22,0
2024-11-19,Paracetamol,36477,290,1111
2024-11-19,Amoxicilline,15772,79,0
2024-11-19,Salbutamol,11965,50,248
2024-11-19,SerumPhysio,34762,186,0
2024-11-19,Corticosteroides,9939,20,0
2024-11-20,Paracetamol,36232,245,0
2024-11-20,Amoxicilline,16084,83,395
2024-11-20,Salbutamol,11923,42,0
2024-11-20,SerumPhysio,34596,166,0
2024-11-20,Corticosteroides,10097,23,181
2024-11-21,Paracetamol,35951,281,0
2024-11-21,Amoxicilline,16002,82,0
2024-11-21,Salbutamol,11869,54,0
2024-11-21,SerumPhysio,35339,153,896
2024-11-21,Corticosteroides,10070,27,0
2024-11-22,Paracetamol,36972,253,1274
2024-11-22,Amoxicilline,15921,81,0
2024-11-22,Salbutamol,12091,48,270
2024-11-22,SerumPhysio,35159,180,0
2024-11-22,Corticosteroides,10040,30,0
2024-11-23,Paracetamol,36691,281,0
2024-11-23,Amoxicilline,16242,108,429
2024-11-23,Salbutamol,12056,35,0
2024-11-23,SerumPhysio,34988,171,0
2024-11-23,Corticosteroides,10208,29,197
2024-11-24,Paracetamol,36390,301,0
2024-11-24,Amoxicilline,16124,118,0
2024-11-24,Salbutamol,12012,44,0
2024-11-24,SerumPhysio,34802,186,0
2024-11-24,Corticosteroides,10177,31,0
2024-11-25,Paracetamol,36084,306,0
2024-11-25,Amoxicilline,16029,95,0
2024-11-25,Salbutamol,11966,46,0
2024-11-25,SerumPhysio,35591,170,959
2024-11-25,Corticosteroides,10130,47,0
2024-11-26,Paracetamol,37013,264,1193
2024-11-26,Amoxicilline,15943,86,0
2024-11-26,Salbutamol,12181,53,268
2024-11-26,SerumPhysio,35398,193,0
2024-11-26,Corticosteroides,10099,31,0
2024-11-27,Paracetamol,36725,288,0
2024-11-27,Amoxicilline,16268,85,410
2024-11-27,Salbutamol,12141,40,0
2024-11-27,SerumPhysio,35229,169,0
2024-11-27,Corticosteroides,10248,30,179
2024-11-28,Paracetamol,36446,279,0
2024-11-28,Amoxicilline,16203,65,0
2024-11-28,Salbutamol,12095,46,0
2024-11-28,SerumPhysio,35935,187,893
2024-11-28,Corticosteroides,10214,34,0
2024-11-29,Paracetamol,37381,288,1223
2024-11-29,Amoxicilline,16115,88,0
2024-11-29,Salbutamol,12312,48,265
2024-11-29,SerumPhysio,35736,199,0
2024-11-29,Corticosteroides,10194,20,0
2024-11-30,Paracetamol,37119,262,0
2024-11-30,Amoxicilline,16416,86,387
2024-11-30,Salbutamol,12264,48,0
2024-11-30,SerumPhysio,35574,162,0
2024-11-30,Corticosteroides,10352,26,184
2024-12-01,Paracetamol,36738,381,0
2024-12-01,Amoxicilline,16291,125,0
2024-12-01,Salbutamol,12180,84,0
2024-12-01,SerumPhysio,35319,255,0
2024-12-01,Corticosteroides,10321,31,0
2024-12-02,Paracetamol,36369,369,0
2024-12-02,Amoxicilline,16181,110,0
2024-12-02,Salbutamol,12109,71,0
2024-12-02,SerumPhysio,35974,236,891
2024-12-02,Corticosteroides,10288,33,0
2024-12-03,Paracetamol,37170,400,1201
2024-12-03,Amoxicilline,16060,121,0
2024-12-03,Salbutamol,12296,60,247
2024-12-03,SerumPhysio,35711,263,0
2024-12-03,Corticosteroides,10255,33,0
2024-12-04,Paracetamol,36789,381,0
2024-12-04,Amoxicilline,16336,121,397
2024-12-04,Salbutamol,12233,63,0
2024-12-04,SerumPhysio,35506,205,0
2024-12-04,Corticosteroides,10387,37,169
2024-12-05,Paracetamol,36409,380,0
2024-12-05,Amoxicilline,16223,113,0
2024-12-05,Salbutamol,12160,73,0
2024-12-05,SerumPhysio,36146,261,901
2024-12-05,Corticosteroides,10343,44,0
2024-12-06,Paracetamol,37187,442,1220
2024-12-06,Amoxicilline,16102,121,0
2024-12-06,Salbutamol,12344,74,258
2024-12-06,SerumPhysio,35886,260,0
2024-12-06,Corticosteroides,10317,26,0
2024-12-07,Paracetamol,36759,428,0
2024-12-07,Amoxicilline,16385,119,402
2024-12-07,Salbutamol,12277,67,0
2024-12-07,SerumPhysio,35620,266,0
2024-12-07,Corticosteroides,10448,37,168
2024-12-08,Paracetamol,36346,413,0
2024-12-08,Amoxicilline,16268,117,0
2024-12-08,Salbutamol,12206,71,0
2024-12-08,SerumPhysio,35370,250,0
2024-12-08,Corticosteroides,10415,33,0
2024-12-09,Paracetamol,36014,332,0
2024-12-09,Amoxicilline,16157,111,0
2024-12-09,Salbutamol,12140,66,0
2024-12-09,SerumPhysio,36075,221,926
2024-12-09,Corticosteroides,10378,37,0
2024-12-10,Paracetamol,36775,411,1172
2024-12-10,Amoxicilline,16033,124,0
2024-12-10,Salbutamol,12325,70,255
2024-12-10,SerumPhysio,35829,246,0
2024-12-10,Corticosteroides,10347,31,0
2024-12-11,Paracetamol,36381,394,0
2024-12-11,Amoxicilline,16317,112,396
2024-12-11,Salbutamol,12255,70,0
2024-12-11,SerumPhysio,35584,245,0
2024-12-11,Corticosteroides,10507,44,204
2024-12-12,Paracetamol,35995,386,0
2024-12-12,Amoxicilline,16193,124,0
2024-12-12,Salbutamol,12187,68,0
2024-12-12,SerumPhysio,36231,288,935
2024-12-12,Corticosteroides,10471,36,0
2024-12-13,Paracetamol,36791,398,1194
2024-12-13,Amoxicilline,16080,113,0
2024-12-13,Salbutamol,12412,44,269
2024-12-13,SerumPhysio,35962,269,0
2024-12-13,Corticosteroides,10446,25,0
2024-12-14,Paracetamol,36375,416,0
2024-12-14,Amoxicilline,16361,129,410
2024-12-14,Salbutamol,12315,97,0
2024-12-14,SerumPhysio,35689,273,0
2024-12-14,Corticosteroides,10581,40,175
2024-12-15,Paracetamol,35956,419,0
2024-12-15,Amoxicilline,16217,144,0
2024-12-15,Salbutamol,12242,73,0
2024-12-15,SerumPhysio,35401,288,0
2024-12-15,Corticosteroides,10543,38,0
2024-12-16,Paracetamol,35562,394,0
2024-12-16,Amoxicilline,16089,128,0
2024-12-16,Salbutamol,12176,66,0
2024-12-16,SerumPhysio,36026,243,868
2024-12-16,Corticosteroides,10517,26,0
2024-12-17,Paracetamol,36418,376,1232
2024-12-17,Amoxicilline,15980,109,0
2024-12-17,Salbutamol,12363,71,258
2024-12-17,SerumPhysio,35774,252,0
2024-12-17,Corticosteroides,10475,42,0
2024-12-18,Paracetamol,36017,401,0
2024-12-18,Amoxicilline,16305,108,433
2024-12-18,Salbutamol,12307,56,0
2024-12-18,SerumPhysio,35570,204,0
2024-12-18,Corticosteroides,10631,27,183
2024-12-19,Paracetamol,35672,345,0
2024-12-19,Amoxicilline,16196,109,0
2024-12-19,Salbutamol,12239,68,0
2024-12-19,SerumPhysio,36196,258,884
2024-12-19,Corticosteroides,10595,36,0
2024-12-20,Paracetamol,36473,392,1193
2024-12-20,Amoxicilline,16076,120,0
2024-12-20,Salbutamol,12470,51,282
2024-12-20,SerumPhysio,35971,225,0
2024-12-20,Corticosteroides,10563,32,0
2024-12-21,Paracetamol,36021,452,0
2024-12-21,Amoxicilline,16358,133,415
2024-12-21,Salbutamol,12405,65,0
2024-12-21,SerumPhysio,35704,267,0
2024-12-21,Corticosteroides,10711,48,196
2024-12-22,Paracetamol,35600,421,0
2024-12-22,Amoxicilline,16256,102,0
2024-12-22,Salbutamol,12328,77,0
2024-12-22,SerumPhysio,35449,255,0
2024-12-22,Corticosteroides,10672,39,0
2024-12-23,Paracetamol,35192,408,0
2024-12-23,Amoxicilline,16140,116,0
2024-12-23,Salbutamol,12240,88,0
2024-12-23,SerumPhysio,36118,258,927
2024-12-23,Corticosteroides,10630,42,0
2024-12-24,Paracetamol,35930,452,1190
2024-12-24,Amoxicilline,16009,131,0
2024-12-24,Salbutamol,12429,67,256
2024-12-24,SerumPhysio,35850,268,0
2024-12-24,Corticosteroides,10575,55,0
2024-12-25,Paracetamol,35520,410,0
2024-12-25,Amoxicilline,16330,105,426
2024-12-25,Salbutamol,12358,71,0
2024-12-25,SerumPhysio,35607,243,0
2024-12-25,Corticosteroides,10722,37,184
2024-12-26,Paracetamol,35131,389,0
2024-12-26,Amoxicilline,16198,132,0
2024-12-26,Salbutamol,12279,79,0
2024-12-26,SerumPhysio,36265,268,926
2024-12-26,Corticosteroides,10673,49,0
2024-12-27,Paracetamol,36008,344,1221
2024-12-27,Amoxicilline,16073,125,0
2024-12-27,Salbutamol,12474,74,269
2024-12-27,SerumPhysio,36003,262,0
2024-12-27,Corticosteroides,10640,33,0
2024-12-28,Paracetamol,35643,365,0
2024-12-28,Amoxicilline,16371,129,427
2024-12-28,Salbutamol,12418,56,0
2024-12-28,SerumPhysio,35773,230,0
2024-12-28,Corticosteroides,10786,42,188
2024-12-29,Paracetamol,35296,347,0
2024-12-29,Amoxicilline,16243,128,0
2024-12-29,Salbutamol,12359,59,0
2024-12-29,SerumPhysio,35507,266,0
2024-12-29,Corticosteroides,10754,32,0
2024-12-30,Paracetamol,34890,406,0
2024-12-30,Amoxicilline,16108,135,0
2024-12-30,Salbutamol,12282,77,0
2024-12-30,SerumPhysio,36087,276,856
2024-12-30,Corticosteroides,10704,50,0
2024-12-31,Paracetamol,35923,139,1172
2024-12-31,Amoxicilline,16074,34,0
2024-12-31,Salbutamol,12539,19,276
2024-12-31,SerumPhysio,35989,98,0
2024-12-31,Corticosteroides,10692,12,0
